ISO-10303-21;
HEADER;
/* Generated by software containing ST-Developer
 * from STEP Tools, Inc. (www.steptools.com) 
 */

FILE_DESCRIPTION(
/* description */ (''),
/* implementation_level */ '2;1');

FILE_NAME(
/* name */ '4sqaure og front plate.step',
/* time_stamp */ '2026-08-05T16:16:24-04:00',
/* author */ (''),
/* organization */ (''),
/* preprocessor_version */ 'ST-DEVELOPER v20.1',
/* originating_system */ 'Autodesk Translation Framework v15.8.0.0',
/* authorisation */ '');

FILE_SCHEMA (('AUTOMOTIVE_DESIGN { 1 0 10303 214 3 1 1 }'));
ENDSEC;

DATA;
#10=MECHANICAL_DESIGN_GEOMETRIC_PRESENTATION_REPRESENTATION('',(#1512,#1513,
#1514,#1515,#1516,#1517,#1518,#1519,#1520,#1521,#1522,#1523,#1524,#1525,
#1526,#1527,#1528,#1529,#1530,#1531,#1532,#1533,#1534,#1535,#1536,#1537),
#2644);
#11=SHAPE_REPRESENTATION_RELATIONSHIP('SRR','None',#2651,#12);
#12=ADVANCED_BREP_SHAPE_REPRESENTATION('',(#13),#2643);
#13=MANIFOLD_SOLID_BREP('Lid',#1624);
#14=CIRCLE('',#1679,5.);
#15=CIRCLE('',#1680,5.);
#16=CIRCLE('',#1682,5.);
#17=CIRCLE('',#1683,5.);
#18=CIRCLE('',#1685,5.);
#19=CIRCLE('',#1686,5.);
#20=CIRCLE('',#1688,5.);
#21=CIRCLE('',#1689,5.);
#22=CIRCLE('',#1691,5.);
#23=CIRCLE('',#1692,5.);
#24=CIRCLE('',#1695,5.);
#25=CIRCLE('',#1697,5.);
#26=CIRCLE('',#1700,5.);
#27=CIRCLE('',#1701,5.);
#28=CIRCLE('',#1704,5.);
#29=CIRCLE('',#1707,5.);
#30=CIRCLE('',#1719,2.);
#31=CIRCLE('',#1720,2.);
#32=CIRCLE('',#1722,1.2);
#33=CIRCLE('',#1724,2.);
#34=CIRCLE('',#1725,2.);
#35=CIRCLE('',#1727,1.2);
#36=CIRCLE('',#1729,2.);
#37=CIRCLE('',#1730,2.);
#38=CIRCLE('',#1732,1.2);
#39=CIRCLE('',#1734,2.);
#40=CIRCLE('',#1735,2.);
#41=CIRCLE('',#1737,1.2);
#42=CIRCLE('',#1739,1.2);
#43=CIRCLE('',#1741,1.2);
#44=CIRCLE('',#1743,1.2);
#45=CIRCLE('',#1745,1.2);
#46=CIRCLE('',#1747,4.);
#47=CIRCLE('',#1748,4.);
#48=CIRCLE('',#1749,4.00000000000015);
#49=CIRCLE('',#1750,4.);
#50=CIRCLE('',#1753,4.00000000000015);
#51=CIRCLE('',#1756,4.);
#52=CIRCLE('',#1759,4.);
#53=CIRCLE('',#1762,4.);
#54=CYLINDRICAL_SURFACE('',#1678,5.);
#55=CYLINDRICAL_SURFACE('',#1681,5.);
#56=CYLINDRICAL_SURFACE('',#1684,5.);
#57=CYLINDRICAL_SURFACE('',#1687,5.);
#58=CYLINDRICAL_SURFACE('',#1690,5.);
#59=CYLINDRICAL_SURFACE('',#1699,5.);
#60=CYLINDRICAL_SURFACE('',#1703,5.);
#61=CYLINDRICAL_SURFACE('',#1706,5.);
#62=CYLINDRICAL_SURFACE('',#1718,2.);
#63=CYLINDRICAL_SURFACE('',#1723,2.);
#64=CYLINDRICAL_SURFACE('',#1728,2.);
#65=CYLINDRICAL_SURFACE('',#1733,2.);
#66=CYLINDRICAL_SURFACE('',#1738,1.2);
#67=CYLINDRICAL_SURFACE('',#1740,1.2);
#68=CYLINDRICAL_SURFACE('',#1742,1.2);
#69=CYLINDRICAL_SURFACE('',#1744,1.2);
#70=CYLINDRICAL_SURFACE('',#1752,4.00000000000015);
#71=CYLINDRICAL_SURFACE('',#1755,4.);
#72=CYLINDRICAL_SURFACE('',#1758,4.);
#73=CYLINDRICAL_SURFACE('',#1761,4.);
#74=FACE_BOUND('',#189,.T.);
#75=FACE_BOUND('',#191,.T.);
#76=FACE_BOUND('',#193,.T.);
#77=FACE_BOUND('',#195,.T.);
#78=FACE_BOUND('',#258,.T.);
#79=FACE_BOUND('',#261,.T.);
#80=FACE_BOUND('',#264,.T.);
#81=FACE_BOUND('',#267,.T.);
#82=FACE_BOUND('',#273,.T.);
#83=FACE_BOUND('',#274,.T.);
#84=FACE_BOUND('',#275,.T.);
#85=FACE_BOUND('',#276,.T.);
#86=FACE_BOUND('',#277,.T.);
#87=FACE_BOUND('',#278,.T.);
#88=FACE_BOUND('',#279,.T.);
#89=FACE_BOUND('',#280,.T.);
#90=FACE_BOUND('',#281,.T.);
#91=FACE_BOUND('',#282,.T.);
#92=FACE_BOUND('',#283,.T.);
#93=FACE_BOUND('',#284,.T.);
#94=FACE_BOUND('',#294,.T.);
#95=FACE_BOUND('',#295,.T.);
#96=FACE_BOUND('',#296,.T.);
#97=FACE_BOUND('',#297,.T.);
#98=FACE_BOUND('',#298,.T.);
#99=FACE_BOUND('',#299,.T.);
#100=FACE_BOUND('',#300,.T.);
#101=FACE_BOUND('',#301,.T.);
#102=FACE_OUTER_BOUND('',#188,.T.);
#103=FACE_OUTER_BOUND('',#190,.T.);
#104=FACE_OUTER_BOUND('',#192,.T.);
#105=FACE_OUTER_BOUND('',#194,.T.);
#106=FACE_OUTER_BOUND('',#196,.T.);
#107=FACE_OUTER_BOUND('',#197,.T.);
#108=FACE_OUTER_BOUND('',#198,.T.);
#109=FACE_OUTER_BOUND('',#199,.T.);
#110=FACE_OUTER_BOUND('',#200,.T.);
#111=FACE_OUTER_BOUND('',#201,.T.);
#112=FACE_OUTER_BOUND('',#202,.T.);
#113=FACE_OUTER_BOUND('',#203,.T.);
#114=FACE_OUTER_BOUND('',#204,.T.);
#115=FACE_OUTER_BOUND('',#205,.T.);
#116=FACE_OUTER_BOUND('',#206,.T.);
#117=FACE_OUTER_BOUND('',#207,.T.);
#118=FACE_OUTER_BOUND('',#208,.T.);
#119=FACE_OUTER_BOUND('',#209,.T.);
#120=FACE_OUTER_BOUND('',#210,.T.);
#121=FACE_OUTER_BOUND('',#211,.T.);
#122=FACE_OUTER_BOUND('',#212,.T.);
#123=FACE_OUTER_BOUND('',#213,.T.);
#124=FACE_OUTER_BOUND('',#214,.T.);
#125=FACE_OUTER_BOUND('',#215,.T.);
#126=FACE_OUTER_BOUND('',#216,.T.);
#127=FACE_OUTER_BOUND('',#217,.T.);
#128=FACE_OUTER_BOUND('',#218,.T.);
#129=FACE_OUTER_BOUND('',#219,.T.);
#130=FACE_OUTER_BOUND('',#220,.T.);
#131=FACE_OUTER_BOUND('',#221,.T.);
#132=FACE_OUTER_BOUND('',#222,.T.);
#133=FACE_OUTER_BOUND('',#223,.T.);
#134=FACE_OUTER_BOUND('',#224,.T.);
#135=FACE_OUTER_BOUND('',#225,.T.);
#136=FACE_OUTER_BOUND('',#226,.T.);
#137=FACE_OUTER_BOUND('',#227,.T.);
#138=FACE_OUTER_BOUND('',#228,.T.);
#139=FACE_OUTER_BOUND('',#229,.T.);
#140=FACE_OUTER_BOUND('',#230,.T.);
#141=FACE_OUTER_BOUND('',#231,.T.);
#142=FACE_OUTER_BOUND('',#232,.T.);
#143=FACE_OUTER_BOUND('',#233,.T.);
#144=FACE_OUTER_BOUND('',#234,.T.);
#145=FACE_OUTER_BOUND('',#235,.T.);
#146=FACE_OUTER_BOUND('',#236,.T.);
#147=FACE_OUTER_BOUND('',#237,.T.);
#148=FACE_OUTER_BOUND('',#238,.T.);
#149=FACE_OUTER_BOUND('',#239,.T.);
#150=FACE_OUTER_BOUND('',#240,.T.);
#151=FACE_OUTER_BOUND('',#241,.T.);
#152=FACE_OUTER_BOUND('',#242,.T.);
#153=FACE_OUTER_BOUND('',#243,.T.);
#154=FACE_OUTER_BOUND('',#244,.T.);
#155=FACE_OUTER_BOUND('',#245,.T.);
#156=FACE_OUTER_BOUND('',#246,.T.);
#157=FACE_OUTER_BOUND('',#247,.T.);
#158=FACE_OUTER_BOUND('',#248,.T.);
#159=FACE_OUTER_BOUND('',#249,.T.);
#160=FACE_OUTER_BOUND('',#250,.T.);
#161=FACE_OUTER_BOUND('',#251,.T.);
#162=FACE_OUTER_BOUND('',#252,.T.);
#163=FACE_OUTER_BOUND('',#253,.T.);
#164=FACE_OUTER_BOUND('',#254,.T.);
#165=FACE_OUTER_BOUND('',#255,.T.);
#166=FACE_OUTER_BOUND('',#256,.T.);
#167=FACE_OUTER_BOUND('',#257,.T.);
#168=FACE_OUTER_BOUND('',#259,.T.);
#169=FACE_OUTER_BOUND('',#260,.T.);
#170=FACE_OUTER_BOUND('',#262,.T.);
#171=FACE_OUTER_BOUND('',#263,.T.);
#172=FACE_OUTER_BOUND('',#265,.T.);
#173=FACE_OUTER_BOUND('',#266,.T.);
#174=FACE_OUTER_BOUND('',#268,.T.);
#175=FACE_OUTER_BOUND('',#269,.T.);
#176=FACE_OUTER_BOUND('',#270,.T.);
#177=FACE_OUTER_BOUND('',#271,.T.);
#178=FACE_OUTER_BOUND('',#272,.T.);
#179=FACE_OUTER_BOUND('',#285,.T.);
#180=FACE_OUTER_BOUND('',#286,.T.);
#181=FACE_OUTER_BOUND('',#287,.T.);
#182=FACE_OUTER_BOUND('',#288,.T.);
#183=FACE_OUTER_BOUND('',#289,.T.);
#184=FACE_OUTER_BOUND('',#290,.T.);
#185=FACE_OUTER_BOUND('',#291,.T.);
#186=FACE_OUTER_BOUND('',#292,.T.);
#187=FACE_OUTER_BOUND('',#293,.T.);
#188=EDGE_LOOP('',(#1014,#1015,#1016,#1017));
#189=EDGE_LOOP('',(#1018,#1019,#1020,#1021));
#190=EDGE_LOOP('',(#1022,#1023,#1024,#1025));
#191=EDGE_LOOP('',(#1026,#1027,#1028,#1029));
#192=EDGE_LOOP('',(#1030,#1031,#1032,#1033));
#193=EDGE_LOOP('',(#1034,#1035,#1036,#1037));
#194=EDGE_LOOP('',(#1038,#1039,#1040,#1041));
#195=EDGE_LOOP('',(#1042,#1043,#1044,#1045));
#196=EDGE_LOOP('',(#1046,#1047,#1048,#1049));
#197=EDGE_LOOP('',(#1050,#1051,#1052,#1053));
#198=EDGE_LOOP('',(#1054,#1055,#1056,#1057));
#199=EDGE_LOOP('',(#1058,#1059,#1060,#1061));
#200=EDGE_LOOP('',(#1062,#1063,#1064,#1065));
#201=EDGE_LOOP('',(#1066,#1067,#1068,#1069));
#202=EDGE_LOOP('',(#1070,#1071,#1072,#1073));
#203=EDGE_LOOP('',(#1074,#1075,#1076,#1077));
#204=EDGE_LOOP('',(#1078,#1079,#1080,#1081));
#205=EDGE_LOOP('',(#1082,#1083,#1084,#1085));
#206=EDGE_LOOP('',(#1086,#1087,#1088,#1089));
#207=EDGE_LOOP('',(#1090,#1091,#1092,#1093));
#208=EDGE_LOOP('',(#1094,#1095,#1096,#1097));
#209=EDGE_LOOP('',(#1098,#1099,#1100,#1101));
#210=EDGE_LOOP('',(#1102,#1103,#1104,#1105));
#211=EDGE_LOOP('',(#1106,#1107,#1108,#1109));
#212=EDGE_LOOP('',(#1110,#1111,#1112,#1113));
#213=EDGE_LOOP('',(#1114,#1115,#1116,#1117));
#214=EDGE_LOOP('',(#1118,#1119,#1120,#1121));
#215=EDGE_LOOP('',(#1122,#1123,#1124,#1125));
#216=EDGE_LOOP('',(#1126,#1127,#1128,#1129));
#217=EDGE_LOOP('',(#1130,#1131,#1132,#1133));
#218=EDGE_LOOP('',(#1134,#1135,#1136,#1137));
#219=EDGE_LOOP('',(#1138,#1139,#1140,#1141));
#220=EDGE_LOOP('',(#1142,#1143,#1144,#1145));
#221=EDGE_LOOP('',(#1146,#1147,#1148,#1149));
#222=EDGE_LOOP('',(#1150,#1151,#1152,#1153));
#223=EDGE_LOOP('',(#1154,#1155,#1156,#1157));
#224=EDGE_LOOP('',(#1158,#1159,#1160,#1161));
#225=EDGE_LOOP('',(#1162,#1163,#1164,#1165));
#226=EDGE_LOOP('',(#1166,#1167,#1168,#1169));
#227=EDGE_LOOP('',(#1170,#1171,#1172,#1173));
#228=EDGE_LOOP('',(#1174,#1175,#1176,#1177));
#229=EDGE_LOOP('',(#1178,#1179,#1180,#1181));
#230=EDGE_LOOP('',(#1182,#1183,#1184,#1185));
#231=EDGE_LOOP('',(#1186,#1187,#1188,#1189));
#232=EDGE_LOOP('',(#1190,#1191,#1192,#1193));
#233=EDGE_LOOP('',(#1194,#1195,#1196,#1197));
#234=EDGE_LOOP('',(#1198,#1199,#1200,#1201));
#235=EDGE_LOOP('',(#1202,#1203,#1204,#1205));
#236=EDGE_LOOP('',(#1206,#1207,#1208,#1209));
#237=EDGE_LOOP('',(#1210,#1211,#1212,#1213,#1214,#1215));
#238=EDGE_LOOP('',(#1216,#1217,#1218,#1219,#1220,#1221));
#239=EDGE_LOOP('',(#1222,#1223,#1224,#1225,#1226,#1227));
#240=EDGE_LOOP('',(#1228,#1229,#1230,#1231));
#241=EDGE_LOOP('',(#1232,#1233,#1234,#1235));
#242=EDGE_LOOP('',(#1236,#1237,#1238,#1239));
#243=EDGE_LOOP('',(#1240,#1241,#1242,#1243));
#244=EDGE_LOOP('',(#1244,#1245,#1246,#1247));
#245=EDGE_LOOP('',(#1248,#1249,#1250,#1251));
#246=EDGE_LOOP('',(#1252,#1253,#1254,#1255));
#247=EDGE_LOOP('',(#1256,#1257,#1258,#1259));
#248=EDGE_LOOP('',(#1260,#1261,#1262,#1263));
#249=EDGE_LOOP('',(#1264,#1265,#1266,#1267));
#250=EDGE_LOOP('',(#1268,#1269,#1270,#1271));
#251=EDGE_LOOP('',(#1272,#1273,#1274,#1275));
#252=EDGE_LOOP('',(#1276,#1277,#1278,#1279));
#253=EDGE_LOOP('',(#1280,#1281,#1282,#1283));
#254=EDGE_LOOP('',(#1284,#1285,#1286,#1287));
#255=EDGE_LOOP('',(#1288,#1289,#1290,#1291,#1292,#1293));
#256=EDGE_LOOP('',(#1294,#1295,#1296,#1297));
#257=EDGE_LOOP('',(#1298));
#258=EDGE_LOOP('',(#1299));
#259=EDGE_LOOP('',(#1300,#1301,#1302,#1303));
#260=EDGE_LOOP('',(#1304));
#261=EDGE_LOOP('',(#1305));
#262=EDGE_LOOP('',(#1306,#1307,#1308,#1309));
#263=EDGE_LOOP('',(#1310));
#264=EDGE_LOOP('',(#1311));
#265=EDGE_LOOP('',(#1312,#1313,#1314,#1315));
#266=EDGE_LOOP('',(#1316));
#267=EDGE_LOOP('',(#1317));
#268=EDGE_LOOP('',(#1318,#1319,#1320,#1321));
#269=EDGE_LOOP('',(#1322,#1323,#1324,#1325));
#270=EDGE_LOOP('',(#1326,#1327,#1328,#1329));
#271=EDGE_LOOP('',(#1330,#1331,#1332,#1333));
#272=EDGE_LOOP('',(#1334,#1335,#1336,#1337,#1338,#1339,#1340,#1341));
#273=EDGE_LOOP('',(#1342,#1343,#1344,#1345,#1346,#1347));
#274=EDGE_LOOP('',(#1348,#1349,#1350,#1351,#1352,#1353));
#275=EDGE_LOOP('',(#1354,#1355,#1356,#1357,#1358,#1359));
#276=EDGE_LOOP('',(#1360,#1361,#1362,#1363));
#277=EDGE_LOOP('',(#1364,#1365,#1366,#1367));
#278=EDGE_LOOP('',(#1368,#1369,#1370,#1371));
#279=EDGE_LOOP('',(#1372,#1373,#1374,#1375));
#280=EDGE_LOOP('',(#1376,#1377,#1378,#1379,#1380,#1381));
#281=EDGE_LOOP('',(#1382));
#282=EDGE_LOOP('',(#1383));
#283=EDGE_LOOP('',(#1384));
#284=EDGE_LOOP('',(#1385));
#285=EDGE_LOOP('',(#1386,#1387,#1388,#1389));
#286=EDGE_LOOP('',(#1390,#1391,#1392,#1393));
#287=EDGE_LOOP('',(#1394,#1395,#1396,#1397));
#288=EDGE_LOOP('',(#1398,#1399,#1400,#1401));
#289=EDGE_LOOP('',(#1402,#1403,#1404,#1405));
#290=EDGE_LOOP('',(#1406,#1407,#1408,#1409));
#291=EDGE_LOOP('',(#1410,#1411,#1412,#1413));
#292=EDGE_LOOP('',(#1414,#1415,#1416,#1417));
#293=EDGE_LOOP('',(#1418,#1419,#1420,#1421,#1422,#1423,#1424,#1425));
#294=EDGE_LOOP('',(#1426,#1427,#1428,#1429));
#295=EDGE_LOOP('',(#1430,#1431,#1432,#1433));
#296=EDGE_LOOP('',(#1434,#1435,#1436,#1437));
#297=EDGE_LOOP('',(#1438,#1439,#1440,#1441));
#298=EDGE_LOOP('',(#1442));
#299=EDGE_LOOP('',(#1443));
#300=EDGE_LOOP('',(#1444));
#301=EDGE_LOOP('',(#1445));
#302=LINE('',#2198,#478);
#303=LINE('',#2200,#479);
#304=LINE('',#2202,#480);
#305=LINE('',#2203,#481);
#306=LINE('',#2206,#482);
#307=LINE('',#2208,#483);
#308=LINE('',#2210,#484);
#309=LINE('',#2211,#485);
#310=LINE('',#2215,#486);
#311=LINE('',#2217,#487);
#312=LINE('',#2219,#488);
#313=LINE('',#2220,#489);
#314=LINE('',#2223,#490);
#315=LINE('',#2225,#491);
#316=LINE('',#2227,#492);
#317=LINE('',#2228,#493);
#318=LINE('',#2232,#494);
#319=LINE('',#2234,#495);
#320=LINE('',#2236,#496);
#321=LINE('',#2237,#497);
#322=LINE('',#2240,#498);
#323=LINE('',#2242,#499);
#324=LINE('',#2244,#500);
#325=LINE('',#2245,#501);
#326=LINE('',#2249,#502);
#327=LINE('',#2251,#503);
#328=LINE('',#2253,#504);
#329=LINE('',#2254,#505);
#330=LINE('',#2257,#506);
#331=LINE('',#2259,#507);
#332=LINE('',#2261,#508);
#333=LINE('',#2262,#509);
#334=LINE('',#2265,#510);
#335=LINE('',#2267,#511);
#336=LINE('',#2268,#512);
#337=LINE('',#2271,#513);
#338=LINE('',#2272,#514);
#339=LINE('',#2275,#515);
#340=LINE('',#2277,#516);
#341=LINE('',#2278,#517);
#342=LINE('',#2281,#518);
#343=LINE('',#2282,#519);
#344=LINE('',#2285,#520);
#345=LINE('',#2287,#521);
#346=LINE('',#2288,#522);
#347=LINE('',#2291,#523);
#348=LINE('',#2292,#524);
#349=LINE('',#2295,#525);
#350=LINE('',#2297,#526);
#351=LINE('',#2298,#527);
#352=LINE('',#2301,#528);
#353=LINE('',#2302,#529);
#354=LINE('',#2305,#530);
#355=LINE('',#2306,#531);
#356=LINE('',#2308,#532);
#357=LINE('',#2311,#533);
#358=LINE('',#2312,#534);
#359=LINE('',#2314,#535);
#360=LINE('',#2317,#536);
#361=LINE('',#2318,#537);
#362=LINE('',#2320,#538);
#363=LINE('',#2323,#539);
#364=LINE('',#2324,#540);
#365=LINE('',#2326,#541);
#366=LINE('',#2330,#542);
#367=LINE('',#2331,#543);
#368=LINE('',#2332,#544);
#369=LINE('',#2335,#545);
#370=LINE('',#2336,#546);
#371=LINE('',#2340,#547);
#372=LINE('',#2341,#548);
#373=LINE('',#2342,#549);
#374=LINE('',#2345,#550);
#375=LINE('',#2346,#551);
#376=LINE('',#2350,#552);
#377=LINE('',#2351,#553);
#378=LINE('',#2352,#554);
#379=LINE('',#2355,#555);
#380=LINE('',#2356,#556);
#381=LINE('',#2360,#557);
#382=LINE('',#2361,#558);
#383=LINE('',#2362,#559);
#384=LINE('',#2365,#560);
#385=LINE('',#2366,#561);
#386=LINE('',#2370,#562);
#387=LINE('',#2372,#563);
#388=LINE('',#2374,#564);
#389=LINE('',#2375,#565);
#390=LINE('',#2379,#566);
#391=LINE('',#2381,#567);
#392=LINE('',#2383,#568);
#393=LINE('',#2384,#569);
#394=LINE('',#2387,#570);
#395=LINE('',#2388,#571);
#396=LINE('',#2390,#572);
#397=LINE('',#2393,#573);
#398=LINE('',#2394,#574);
#399=LINE('',#2396,#575);
#400=LINE('',#2399,#576);
#401=LINE('',#2400,#577);
#402=LINE('',#2402,#578);
#403=LINE('',#2405,#579);
#404=LINE('',#2406,#580);
#405=LINE('',#2408,#581);
#406=LINE('',#2412,#582);
#407=LINE('',#2414,#583);
#408=LINE('',#2416,#584);
#409=LINE('',#2417,#585);
#410=LINE('',#2421,#586);
#411=LINE('',#2423,#587);
#412=LINE('',#2425,#588);
#413=LINE('',#2426,#589);
#414=LINE('',#2431,#590);
#415=LINE('',#2437,#591);
#416=LINE('',#2443,#592);
#417=LINE('',#2449,#593);
#418=LINE('',#2455,#594);
#419=LINE('',#2459,#595);
#420=LINE('',#2461,#596);
#421=LINE('',#2462,#597);
#422=LINE('',#2467,#598);
#423=LINE('',#2469,#599);
#424=LINE('',#2470,#600);
#425=LINE('',#2473,#601);
#426=LINE('',#2475,#602);
#427=LINE('',#2477,#603);
#428=LINE('',#2481,#604);
#429=LINE('',#2483,#605);
#430=LINE('',#2484,#606);
#431=LINE('',#2489,#607);
#432=LINE('',#2493,#608);
#433=LINE('',#2494,#609);
#434=LINE('',#2497,#610);
#435=LINE('',#2501,#611);
#436=LINE('',#2502,#612);
#437=LINE('',#2506,#613);
#438=LINE('',#2509,#614);
#439=LINE('',#2510,#615);
#440=LINE('',#2513,#616);
#441=LINE('',#2515,#617);
#442=LINE('',#2516,#618);
#443=LINE('',#2518,#619);
#444=LINE('',#2519,#620);
#445=LINE('',#2522,#621);
#446=LINE('',#2523,#622);
#447=LINE('',#2525,#623);
#448=LINE('',#2528,#624);
#449=LINE('',#2529,#625);
#450=LINE('',#2531,#626);
#451=LINE('',#2534,#627);
#452=LINE('',#2535,#628);
#453=LINE('',#2537,#629);
#454=LINE('',#2543,#630);
#455=LINE('',#2552,#631);
#456=LINE('',#2561,#632);
#457=LINE('',#2570,#633);
#458=LINE('',#2578,#634);
#459=LINE('',#2582,#635);
#460=LINE('',#2586,#636);
#461=LINE('',#2590,#637);
#462=LINE('',#2594,#638);
#463=LINE('',#2598,#639);
#464=LINE('',#2602,#640);
#465=LINE('',#2606,#641);
#466=LINE('',#2610,#642);
#467=LINE('',#2612,#643);
#468=LINE('',#2613,#644);
#469=LINE('',#2617,#645);
#470=LINE('',#2620,#646);
#471=LINE('',#2621,#647);
#472=LINE('',#2625,#648);
#473=LINE('',#2628,#649);
#474=LINE('',#2629,#650);
#475=LINE('',#2633,#651);
#476=LINE('',#2636,#652);
#477=LINE('',#2637,#653);
#478=VECTOR('',#1768,10.);
#479=VECTOR('',#1769,10.);
#480=VECTOR('',#1770,10.);
#481=VECTOR('',#1771,10.);
#482=VECTOR('',#1772,10.);
#483=VECTOR('',#1773,10.);
#484=VECTOR('',#1774,10.);
#485=VECTOR('',#1775,10.);
#486=VECTOR('',#1778,10.);
#487=VECTOR('',#1779,10.);
#488=VECTOR('',#1780,10.);
#489=VECTOR('',#1781,10.);
#490=VECTOR('',#1782,10.);
#491=VECTOR('',#1783,10.);
#492=VECTOR('',#1784,10.);
#493=VECTOR('',#1785,10.);
#494=VECTOR('',#1788,10.);
#495=VECTOR('',#1789,10.);
#496=VECTOR('',#1790,10.);
#497=VECTOR('',#1791,10.);
#498=VECTOR('',#1792,10.);
#499=VECTOR('',#1793,10.);
#500=VECTOR('',#1794,10.);
#501=VECTOR('',#1795,10.);
#502=VECTOR('',#1798,10.);
#503=VECTOR('',#1799,10.);
#504=VECTOR('',#1800,10.);
#505=VECTOR('',#1801,10.);
#506=VECTOR('',#1802,10.);
#507=VECTOR('',#1803,10.);
#508=VECTOR('',#1804,10.);
#509=VECTOR('',#1805,10.);
#510=VECTOR('',#1808,10.);
#511=VECTOR('',#1809,10.);
#512=VECTOR('',#1810,10.);
#513=VECTOR('',#1813,10.);
#514=VECTOR('',#1814,10.);
#515=VECTOR('',#1817,10.);
#516=VECTOR('',#1818,10.);
#517=VECTOR('',#1819,10.);
#518=VECTOR('',#1822,10.);
#519=VECTOR('',#1823,10.);
#520=VECTOR('',#1826,10.);
#521=VECTOR('',#1827,10.);
#522=VECTOR('',#1828,10.);
#523=VECTOR('',#1831,10.);
#524=VECTOR('',#1832,10.);
#525=VECTOR('',#1835,10.);
#526=VECTOR('',#1836,10.);
#527=VECTOR('',#1837,10.);
#528=VECTOR('',#1840,10.);
#529=VECTOR('',#1841,10.);
#530=VECTOR('',#1844,10.);
#531=VECTOR('',#1845,10.);
#532=VECTOR('',#1848,10.);
#533=VECTOR('',#1851,10.);
#534=VECTOR('',#1852,10.);
#535=VECTOR('',#1855,10.);
#536=VECTOR('',#1858,10.);
#537=VECTOR('',#1859,10.);
#538=VECTOR('',#1862,10.);
#539=VECTOR('',#1865,10.);
#540=VECTOR('',#1866,10.);
#541=VECTOR('',#1869,10.);
#542=VECTOR('',#1872,10.);
#543=VECTOR('',#1873,10.);
#544=VECTOR('',#1874,10.);
#545=VECTOR('',#1877,10.);
#546=VECTOR('',#1878,10.);
#547=VECTOR('',#1881,10.);
#548=VECTOR('',#1882,10.);
#549=VECTOR('',#1883,10.);
#550=VECTOR('',#1886,10.);
#551=VECTOR('',#1887,10.);
#552=VECTOR('',#1890,10.);
#553=VECTOR('',#1891,10.);
#554=VECTOR('',#1892,10.);
#555=VECTOR('',#1895,10.);
#556=VECTOR('',#1896,10.);
#557=VECTOR('',#1899,10.);
#558=VECTOR('',#1900,10.);
#559=VECTOR('',#1901,10.);
#560=VECTOR('',#1904,10.);
#561=VECTOR('',#1905,10.);
#562=VECTOR('',#1908,10.);
#563=VECTOR('',#1909,10.);
#564=VECTOR('',#1910,10.);
#565=VECTOR('',#1911,10.);
#566=VECTOR('',#1914,10.);
#567=VECTOR('',#1915,10.);
#568=VECTOR('',#1916,10.);
#569=VECTOR('',#1917,10.);
#570=VECTOR('',#1920,10.);
#571=VECTOR('',#1921,10.);
#572=VECTOR('',#1924,10.);
#573=VECTOR('',#1927,10.);
#574=VECTOR('',#1928,10.);
#575=VECTOR('',#1931,10.);
#576=VECTOR('',#1934,10.);
#577=VECTOR('',#1935,10.);
#578=VECTOR('',#1938,10.);
#579=VECTOR('',#1941,10.);
#580=VECTOR('',#1942,10.);
#581=VECTOR('',#1945,10.);
#582=VECTOR('',#1948,10.);
#583=VECTOR('',#1949,10.);
#584=VECTOR('',#1950,10.);
#585=VECTOR('',#1951,10.);
#586=VECTOR('',#1954,10.);
#587=VECTOR('',#1955,10.);
#588=VECTOR('',#1956,10.);
#589=VECTOR('',#1957,10.);
#590=VECTOR('',#1962,10.);
#591=VECTOR('',#1969,10.);
#592=VECTOR('',#1976,10.);
#593=VECTOR('',#1983,10.);
#594=VECTOR('',#1990,10.);
#595=VECTOR('',#1995,10.);
#596=VECTOR('',#1996,10.);
#597=VECTOR('',#1997,10.);
#598=VECTOR('',#2002,10.);
#599=VECTOR('',#2003,10.);
#600=VECTOR('',#2004,10.);
#601=VECTOR('',#2007,10.);
#602=VECTOR('',#2008,10.);
#603=VECTOR('',#2009,10.);
#604=VECTOR('',#2014,10.);
#605=VECTOR('',#2015,10.);
#606=VECTOR('',#2016,10.);
#607=VECTOR('',#2021,10.);
#608=VECTOR('',#2026,10.);
#609=VECTOR('',#2027,10.);
#610=VECTOR('',#2030,10.);
#611=VECTOR('',#2035,10.);
#612=VECTOR('',#2036,10.);
#613=VECTOR('',#2041,10.);
#614=VECTOR('',#2044,10.);
#615=VECTOR('',#2045,10.);
#616=VECTOR('',#2048,10.);
#617=VECTOR('',#2049,10.);
#618=VECTOR('',#2050,10.);
#619=VECTOR('',#2053,10.);
#620=VECTOR('',#2054,10.);
#621=VECTOR('',#2057,10.);
#622=VECTOR('',#2058,10.);
#623=VECTOR('',#2061,10.);
#624=VECTOR('',#2064,10.);
#625=VECTOR('',#2065,10.);
#626=VECTOR('',#2068,10.);
#627=VECTOR('',#2071,10.);
#628=VECTOR('',#2072,10.);
#629=VECTOR('',#2075,10.);
#630=VECTOR('',#2082,2.);
#631=VECTOR('',#2093,2.);
#632=VECTOR('',#2104,2.);
#633=VECTOR('',#2115,2.);
#634=VECTOR('',#2126,1.2);
#635=VECTOR('',#2131,1.2);
#636=VECTOR('',#2136,1.2);
#637=VECTOR('',#2141,1.2);
#638=VECTOR('',#2144,10.);
#639=VECTOR('',#2147,10.);
#640=VECTOR('',#2150,10.);
#641=VECTOR('',#2153,10.);
#642=VECTOR('',#2158,10.);
#643=VECTOR('',#2159,10.);
#644=VECTOR('',#2160,10.);
#645=VECTOR('',#2165,10.);
#646=VECTOR('',#2168,10.);
#647=VECTOR('',#2169,10.);
#648=VECTOR('',#2174,10.);
#649=VECTOR('',#2177,10.);
#650=VECTOR('',#2178,10.);
#651=VECTOR('',#2183,10.);
#652=VECTOR('',#2186,10.);
#653=VECTOR('',#2187,10.);
#654=VERTEX_POINT('',#2196);
#655=VERTEX_POINT('',#2197);
#656=VERTEX_POINT('',#2199);
#657=VERTEX_POINT('',#2201);
#658=VERTEX_POINT('',#2204);
#659=VERTEX_POINT('',#2205);
#660=VERTEX_POINT('',#2207);
#661=VERTEX_POINT('',#2209);
#662=VERTEX_POINT('',#2213);
#663=VERTEX_POINT('',#2214);
#664=VERTEX_POINT('',#2216);
#665=VERTEX_POINT('',#2218);
#666=VERTEX_POINT('',#2221);
#667=VERTEX_POINT('',#2222);
#668=VERTEX_POINT('',#2224);
#669=VERTEX_POINT('',#2226);
#670=VERTEX_POINT('',#2230);
#671=VERTEX_POINT('',#2231);
#672=VERTEX_POINT('',#2233);
#673=VERTEX_POINT('',#2235);
#674=VERTEX_POINT('',#2238);
#675=VERTEX_POINT('',#2239);
#676=VERTEX_POINT('',#2241);
#677=VERTEX_POINT('',#2243);
#678=VERTEX_POINT('',#2247);
#679=VERTEX_POINT('',#2248);
#680=VERTEX_POINT('',#2250);
#681=VERTEX_POINT('',#2252);
#682=VERTEX_POINT('',#2255);
#683=VERTEX_POINT('',#2256);
#684=VERTEX_POINT('',#2258);
#685=VERTEX_POINT('',#2260);
#686=VERTEX_POINT('',#2264);
#687=VERTEX_POINT('',#2266);
#688=VERTEX_POINT('',#2270);
#689=VERTEX_POINT('',#2274);
#690=VERTEX_POINT('',#2276);
#691=VERTEX_POINT('',#2280);
#692=VERTEX_POINT('',#2284);
#693=VERTEX_POINT('',#2286);
#694=VERTEX_POINT('',#2290);
#695=VERTEX_POINT('',#2294);
#696=VERTEX_POINT('',#2296);
#697=VERTEX_POINT('',#2300);
#698=VERTEX_POINT('',#2304);
#699=VERTEX_POINT('',#2310);
#700=VERTEX_POINT('',#2316);
#701=VERTEX_POINT('',#2322);
#702=VERTEX_POINT('',#2328);
#703=VERTEX_POINT('',#2329);
#704=VERTEX_POINT('',#2334);
#705=VERTEX_POINT('',#2338);
#706=VERTEX_POINT('',#2339);
#707=VERTEX_POINT('',#2344);
#708=VERTEX_POINT('',#2348);
#709=VERTEX_POINT('',#2349);
#710=VERTEX_POINT('',#2354);
#711=VERTEX_POINT('',#2358);
#712=VERTEX_POINT('',#2359);
#713=VERTEX_POINT('',#2364);
#714=VERTEX_POINT('',#2368);
#715=VERTEX_POINT('',#2369);
#716=VERTEX_POINT('',#2371);
#717=VERTEX_POINT('',#2373);
#718=VERTEX_POINT('',#2377);
#719=VERTEX_POINT('',#2378);
#720=VERTEX_POINT('',#2380);
#721=VERTEX_POINT('',#2382);
#722=VERTEX_POINT('',#2386);
#723=VERTEX_POINT('',#2392);
#724=VERTEX_POINT('',#2398);
#725=VERTEX_POINT('',#2404);
#726=VERTEX_POINT('',#2410);
#727=VERTEX_POINT('',#2411);
#728=VERTEX_POINT('',#2413);
#729=VERTEX_POINT('',#2415);
#730=VERTEX_POINT('',#2419);
#731=VERTEX_POINT('',#2420);
#732=VERTEX_POINT('',#2422);
#733=VERTEX_POINT('',#2424);
#734=VERTEX_POINT('',#2428);
#735=VERTEX_POINT('',#2430);
#736=VERTEX_POINT('',#2434);
#737=VERTEX_POINT('',#2436);
#738=VERTEX_POINT('',#2440);
#739=VERTEX_POINT('',#2442);
#740=VERTEX_POINT('',#2446);
#741=VERTEX_POINT('',#2448);
#742=VERTEX_POINT('',#2452);
#743=VERTEX_POINT('',#2454);
#744=VERTEX_POINT('',#2458);
#745=VERTEX_POINT('',#2460);
#746=VERTEX_POINT('',#2464);
#747=VERTEX_POINT('',#2466);
#748=VERTEX_POINT('',#2468);
#749=VERTEX_POINT('',#2472);
#750=VERTEX_POINT('',#2474);
#751=VERTEX_POINT('',#2476);
#752=VERTEX_POINT('',#2480);
#753=VERTEX_POINT('',#2482);
#754=VERTEX_POINT('',#2486);
#755=VERTEX_POINT('',#2488);
#756=VERTEX_POINT('',#2492);
#757=VERTEX_POINT('',#2496);
#758=VERTEX_POINT('',#2500);
#759=VERTEX_POINT('',#2504);
#760=VERTEX_POINT('',#2508);
#761=VERTEX_POINT('',#2512);
#762=VERTEX_POINT('',#2514);
#763=VERTEX_POINT('',#2521);
#764=VERTEX_POINT('',#2527);
#765=VERTEX_POINT('',#2533);
#766=VERTEX_POINT('',#2540);
#767=VERTEX_POINT('',#2542);
#768=VERTEX_POINT('',#2546);
#769=VERTEX_POINT('',#2549);
#770=VERTEX_POINT('',#2551);
#771=VERTEX_POINT('',#2555);
#772=VERTEX_POINT('',#2558);
#773=VERTEX_POINT('',#2560);
#774=VERTEX_POINT('',#2564);
#775=VERTEX_POINT('',#2567);
#776=VERTEX_POINT('',#2569);
#777=VERTEX_POINT('',#2573);
#778=VERTEX_POINT('',#2576);
#779=VERTEX_POINT('',#2580);
#780=VERTEX_POINT('',#2584);
#781=VERTEX_POINT('',#2588);
#782=VERTEX_POINT('',#2592);
#783=VERTEX_POINT('',#2593);
#784=VERTEX_POINT('',#2595);
#785=VERTEX_POINT('',#2597);
#786=VERTEX_POINT('',#2599);
#787=VERTEX_POINT('',#2601);
#788=VERTEX_POINT('',#2603);
#789=VERTEX_POINT('',#2605);
#790=VERTEX_POINT('',#2609);
#791=VERTEX_POINT('',#2611);
#792=VERTEX_POINT('',#2615);
#793=VERTEX_POINT('',#2619);
#794=VERTEX_POINT('',#2623);
#795=VERTEX_POINT('',#2627);
#796=VERTEX_POINT('',#2631);
#797=VERTEX_POINT('',#2635);
#798=EDGE_CURVE('',#654,#655,#302,.T.);
#799=EDGE_CURVE('',#656,#654,#303,.T.);
#800=EDGE_CURVE('',#657,#656,#304,.T.);
#801=EDGE_CURVE('',#655,#657,#305,.T.);
#802=EDGE_CURVE('',#658,#659,#306,.T.);
#803=EDGE_CURVE('',#660,#658,#307,.T.);
#804=EDGE_CURVE('',#661,#660,#308,.T.);
#805=EDGE_CURVE('',#659,#661,#309,.T.);
#806=EDGE_CURVE('',#662,#663,#310,.T.);
#807=EDGE_CURVE('',#664,#662,#311,.T.);
#808=EDGE_CURVE('',#665,#664,#312,.T.);
#809=EDGE_CURVE('',#663,#665,#313,.T.);
#810=EDGE_CURVE('',#666,#667,#314,.T.);
#811=EDGE_CURVE('',#668,#666,#315,.T.);
#812=EDGE_CURVE('',#669,#668,#316,.T.);
#813=EDGE_CURVE('',#667,#669,#317,.T.);
#814=EDGE_CURVE('',#670,#671,#318,.T.);
#815=EDGE_CURVE('',#672,#670,#319,.T.);
#816=EDGE_CURVE('',#673,#672,#320,.T.);
#817=EDGE_CURVE('',#671,#673,#321,.T.);
#818=EDGE_CURVE('',#674,#675,#322,.T.);
#819=EDGE_CURVE('',#676,#674,#323,.T.);
#820=EDGE_CURVE('',#677,#676,#324,.T.);
#821=EDGE_CURVE('',#675,#677,#325,.T.);
#822=EDGE_CURVE('',#678,#679,#326,.T.);
#823=EDGE_CURVE('',#680,#678,#327,.T.);
#824=EDGE_CURVE('',#681,#680,#328,.T.);
#825=EDGE_CURVE('',#679,#681,#329,.T.);
#826=EDGE_CURVE('',#682,#683,#330,.T.);
#827=EDGE_CURVE('',#684,#682,#331,.T.);
#828=EDGE_CURVE('',#685,#684,#332,.T.);
#829=EDGE_CURVE('',#683,#685,#333,.T.);
#830=EDGE_CURVE('',#658,#686,#334,.T.);
#831=EDGE_CURVE('',#687,#686,#335,.T.);
#832=EDGE_CURVE('',#660,#687,#336,.T.);
#833=EDGE_CURVE('',#659,#688,#337,.T.);
#834=EDGE_CURVE('',#686,#688,#338,.T.);
#835=EDGE_CURVE('',#666,#689,#339,.T.);
#836=EDGE_CURVE('',#690,#689,#340,.T.);
#837=EDGE_CURVE('',#668,#690,#341,.T.);
#838=EDGE_CURVE('',#667,#691,#342,.T.);
#839=EDGE_CURVE('',#689,#691,#343,.T.);
#840=EDGE_CURVE('',#674,#692,#344,.T.);
#841=EDGE_CURVE('',#693,#692,#345,.T.);
#842=EDGE_CURVE('',#676,#693,#346,.T.);
#843=EDGE_CURVE('',#675,#694,#347,.T.);
#844=EDGE_CURVE('',#692,#694,#348,.T.);
#845=EDGE_CURVE('',#682,#695,#349,.T.);
#846=EDGE_CURVE('',#696,#695,#350,.T.);
#847=EDGE_CURVE('',#684,#696,#351,.T.);
#848=EDGE_CURVE('',#683,#697,#352,.T.);
#849=EDGE_CURVE('',#695,#697,#353,.T.);
#850=EDGE_CURVE('',#698,#693,#354,.T.);
#851=EDGE_CURVE('',#677,#698,#355,.T.);
#852=EDGE_CURVE('',#694,#698,#356,.T.);
#853=EDGE_CURVE('',#699,#687,#357,.T.);
#854=EDGE_CURVE('',#661,#699,#358,.T.);
#855=EDGE_CURVE('',#688,#699,#359,.T.);
#856=EDGE_CURVE('',#700,#690,#360,.T.);
#857=EDGE_CURVE('',#669,#700,#361,.T.);
#858=EDGE_CURVE('',#691,#700,#362,.T.);
#859=EDGE_CURVE('',#701,#696,#363,.T.);
#860=EDGE_CURVE('',#685,#701,#364,.T.);
#861=EDGE_CURVE('',#697,#701,#365,.T.);
#862=EDGE_CURVE('',#702,#703,#366,.T.);
#863=EDGE_CURVE('',#703,#662,#367,.T.);
#864=EDGE_CURVE('',#663,#702,#368,.T.);
#865=EDGE_CURVE('',#703,#704,#369,.T.);
#866=EDGE_CURVE('',#704,#664,#370,.T.);
#867=EDGE_CURVE('',#705,#706,#371,.T.);
#868=EDGE_CURVE('',#706,#678,#372,.T.);
#869=EDGE_CURVE('',#679,#705,#373,.T.);
#870=EDGE_CURVE('',#706,#707,#374,.T.);
#871=EDGE_CURVE('',#707,#680,#375,.T.);
#872=EDGE_CURVE('',#708,#709,#376,.T.);
#873=EDGE_CURVE('',#709,#670,#377,.T.);
#874=EDGE_CURVE('',#671,#708,#378,.T.);
#875=EDGE_CURVE('',#709,#710,#379,.T.);
#876=EDGE_CURVE('',#710,#672,#380,.T.);
#877=EDGE_CURVE('',#711,#712,#381,.T.);
#878=EDGE_CURVE('',#712,#654,#382,.T.);
#879=EDGE_CURVE('',#655,#711,#383,.T.);
#880=EDGE_CURVE('',#712,#713,#384,.T.);
#881=EDGE_CURVE('',#713,#656,#385,.T.);
#882=EDGE_CURVE('',#714,#715,#386,.T.);
#883=EDGE_CURVE('',#716,#715,#387,.T.);
#884=EDGE_CURVE('',#717,#716,#388,.T.);
#885=EDGE_CURVE('',#714,#717,#389,.T.);
#886=EDGE_CURVE('',#718,#719,#390,.T.);
#887=EDGE_CURVE('',#720,#719,#391,.T.);
#888=EDGE_CURVE('',#721,#720,#392,.T.);
#889=EDGE_CURVE('',#718,#721,#393,.T.);
#890=EDGE_CURVE('',#704,#722,#394,.T.);
#891=EDGE_CURVE('',#722,#665,#395,.T.);
#892=EDGE_CURVE('',#722,#702,#396,.T.);
#893=EDGE_CURVE('',#707,#723,#397,.T.);
#894=EDGE_CURVE('',#723,#681,#398,.T.);
#895=EDGE_CURVE('',#723,#705,#399,.T.);
#896=EDGE_CURVE('',#710,#724,#400,.T.);
#897=EDGE_CURVE('',#724,#673,#401,.T.);
#898=EDGE_CURVE('',#724,#708,#402,.T.);
#899=EDGE_CURVE('',#713,#725,#403,.T.);
#900=EDGE_CURVE('',#725,#657,#404,.T.);
#901=EDGE_CURVE('',#725,#711,#405,.T.);
#902=EDGE_CURVE('',#726,#727,#406,.T.);
#903=EDGE_CURVE('',#728,#727,#407,.T.);
#904=EDGE_CURVE('',#729,#728,#408,.T.);
#905=EDGE_CURVE('',#726,#729,#409,.T.);
#906=EDGE_CURVE('',#730,#731,#410,.T.);
#907=EDGE_CURVE('',#732,#731,#411,.T.);
#908=EDGE_CURVE('',#733,#732,#412,.T.);
#909=EDGE_CURVE('',#730,#733,#413,.T.);
#910=EDGE_CURVE('',#721,#734,#14,.F.);
#911=EDGE_CURVE('',#734,#735,#414,.T.);
#912=EDGE_CURVE('',#735,#718,#15,.T.);
#913=EDGE_CURVE('',#731,#736,#16,.T.);
#914=EDGE_CURVE('',#736,#737,#415,.T.);
#915=EDGE_CURVE('',#737,#732,#17,.F.);
#916=EDGE_CURVE('',#717,#738,#18,.F.);
#917=EDGE_CURVE('',#738,#739,#416,.T.);
#918=EDGE_CURVE('',#739,#714,#19,.T.);
#919=EDGE_CURVE('',#729,#740,#20,.F.);
#920=EDGE_CURVE('',#740,#741,#417,.T.);
#921=EDGE_CURVE('',#741,#726,#21,.T.);
#922=EDGE_CURVE('',#727,#742,#22,.T.);
#923=EDGE_CURVE('',#742,#743,#418,.T.);
#924=EDGE_CURVE('',#743,#728,#23,.F.);
#925=EDGE_CURVE('',#743,#744,#419,.T.);
#926=EDGE_CURVE('',#744,#745,#420,.T.);
#927=EDGE_CURVE('',#745,#740,#421,.T.);
#928=EDGE_CURVE('',#746,#720,#24,.F.);
#929=EDGE_CURVE('',#746,#747,#422,.T.);
#930=EDGE_CURVE('',#747,#748,#423,.T.);
#931=EDGE_CURVE('',#748,#734,#424,.T.);
#932=EDGE_CURVE('',#737,#749,#425,.T.);
#933=EDGE_CURVE('',#749,#750,#426,.T.);
#934=EDGE_CURVE('',#750,#751,#427,.T.);
#935=EDGE_CURVE('',#733,#751,#25,.F.);
#936=EDGE_CURVE('',#752,#738,#428,.T.);
#937=EDGE_CURVE('',#752,#753,#429,.T.);
#938=EDGE_CURVE('',#739,#753,#430,.T.);
#939=EDGE_CURVE('',#715,#754,#26,.T.);
#940=EDGE_CURVE('',#754,#755,#431,.T.);
#941=EDGE_CURVE('',#755,#716,#27,.F.);
#942=EDGE_CURVE('',#748,#756,#432,.T.);
#943=EDGE_CURVE('',#735,#756,#433,.T.);
#944=EDGE_CURVE('',#751,#757,#434,.T.);
#945=EDGE_CURVE('',#757,#730,#28,.T.);
#946=EDGE_CURVE('',#750,#758,#435,.T.);
#947=EDGE_CURVE('',#757,#758,#436,.T.);
#948=EDGE_CURVE('',#719,#759,#29,.T.);
#949=EDGE_CURVE('',#759,#746,#437,.T.);
#950=EDGE_CURVE('',#745,#760,#438,.T.);
#951=EDGE_CURVE('',#741,#760,#439,.T.);
#952=EDGE_CURVE('',#761,#752,#440,.T.);
#953=EDGE_CURVE('',#762,#761,#441,.T.);
#954=EDGE_CURVE('',#762,#753,#442,.T.);
#955=EDGE_CURVE('',#762,#754,#443,.T.);
#956=EDGE_CURVE('',#755,#761,#444,.T.);
#957=EDGE_CURVE('',#763,#749,#445,.T.);
#958=EDGE_CURVE('',#763,#758,#446,.T.);
#959=EDGE_CURVE('',#763,#736,#447,.T.);
#960=EDGE_CURVE('',#764,#747,#448,.T.);
#961=EDGE_CURVE('',#764,#756,#449,.T.);
#962=EDGE_CURVE('',#764,#759,#450,.T.);
#963=EDGE_CURVE('',#765,#744,#451,.T.);
#964=EDGE_CURVE('',#765,#760,#452,.T.);
#965=EDGE_CURVE('',#765,#742,#453,.T.);
#966=EDGE_CURVE('',#766,#766,#30,.T.);
#967=EDGE_CURVE('',#766,#767,#454,.T.);
#968=EDGE_CURVE('',#767,#767,#31,.T.);
#969=EDGE_CURVE('',#768,#768,#32,.T.);
#970=EDGE_CURVE('',#769,#769,#33,.T.);
#971=EDGE_CURVE('',#769,#770,#455,.T.);
#972=EDGE_CURVE('',#770,#770,#34,.T.);
#973=EDGE_CURVE('',#771,#771,#35,.T.);
#974=EDGE_CURVE('',#772,#772,#36,.T.);
#975=EDGE_CURVE('',#772,#773,#456,.T.);
#976=EDGE_CURVE('',#773,#773,#37,.T.);
#977=EDGE_CURVE('',#774,#774,#38,.T.);
#978=EDGE_CURVE('',#775,#775,#39,.T.);
#979=EDGE_CURVE('',#775,#776,#457,.T.);
#980=EDGE_CURVE('',#776,#776,#40,.T.);
#981=EDGE_CURVE('',#777,#777,#41,.T.);
#982=EDGE_CURVE('',#778,#778,#42,.T.);
#983=EDGE_CURVE('',#778,#777,#458,.T.);
#984=EDGE_CURVE('',#779,#779,#43,.T.);
#985=EDGE_CURVE('',#779,#771,#459,.T.);
#986=EDGE_CURVE('',#780,#780,#44,.T.);
#987=EDGE_CURVE('',#780,#768,#460,.T.);
#988=EDGE_CURVE('',#781,#781,#45,.T.);
#989=EDGE_CURVE('',#781,#774,#461,.T.);
#990=EDGE_CURVE('',#782,#783,#462,.T.);
#991=EDGE_CURVE('',#783,#784,#46,.T.);
#992=EDGE_CURVE('',#784,#785,#463,.T.);
#993=EDGE_CURVE('',#785,#786,#47,.T.);
#994=EDGE_CURVE('',#786,#787,#464,.T.);
#995=EDGE_CURVE('',#787,#788,#48,.T.);
#996=EDGE_CURVE('',#788,#789,#465,.T.);
#997=EDGE_CURVE('',#789,#782,#49,.T.);
#998=EDGE_CURVE('',#790,#786,#466,.T.);
#999=EDGE_CURVE('',#791,#790,#467,.T.);
#1000=EDGE_CURVE('',#791,#787,#468,.T.);
#1001=EDGE_CURVE('',#792,#791,#50,.T.);
#1002=EDGE_CURVE('',#792,#788,#469,.T.);
#1003=EDGE_CURVE('',#793,#792,#470,.T.);
#1004=EDGE_CURVE('',#793,#789,#471,.T.);
#1005=EDGE_CURVE('',#794,#793,#51,.T.);
#1006=EDGE_CURVE('',#794,#782,#472,.T.);
#1007=EDGE_CURVE('',#795,#794,#473,.T.);
#1008=EDGE_CURVE('',#795,#783,#474,.T.);
#1009=EDGE_CURVE('',#796,#795,#52,.T.);
#1010=EDGE_CURVE('',#796,#784,#475,.T.);
#1011=EDGE_CURVE('',#797,#796,#476,.T.);
#1012=EDGE_CURVE('',#785,#797,#477,.T.);
#1013=EDGE_CURVE('',#790,#797,#53,.T.);
#1014=ORIENTED_EDGE('',*,*,#798,.F.);
#1015=ORIENTED_EDGE('',*,*,#799,.F.);
#1016=ORIENTED_EDGE('',*,*,#800,.F.);
#1017=ORIENTED_EDGE('',*,*,#801,.F.);
#1018=ORIENTED_EDGE('',*,*,#802,.F.);
#1019=ORIENTED_EDGE('',*,*,#803,.F.);
#1020=ORIENTED_EDGE('',*,*,#804,.F.);
#1021=ORIENTED_EDGE('',*,*,#805,.F.);
#1022=ORIENTED_EDGE('',*,*,#806,.F.);
#1023=ORIENTED_EDGE('',*,*,#807,.F.);
#1024=ORIENTED_EDGE('',*,*,#808,.F.);
#1025=ORIENTED_EDGE('',*,*,#809,.F.);
#1026=ORIENTED_EDGE('',*,*,#810,.F.);
#1027=ORIENTED_EDGE('',*,*,#811,.F.);
#1028=ORIENTED_EDGE('',*,*,#812,.F.);
#1029=ORIENTED_EDGE('',*,*,#813,.F.);
#1030=ORIENTED_EDGE('',*,*,#814,.F.);
#1031=ORIENTED_EDGE('',*,*,#815,.F.);
#1032=ORIENTED_EDGE('',*,*,#816,.F.);
#1033=ORIENTED_EDGE('',*,*,#817,.F.);
#1034=ORIENTED_EDGE('',*,*,#818,.F.);
#1035=ORIENTED_EDGE('',*,*,#819,.F.);
#1036=ORIENTED_EDGE('',*,*,#820,.F.);
#1037=ORIENTED_EDGE('',*,*,#821,.F.);
#1038=ORIENTED_EDGE('',*,*,#822,.F.);
#1039=ORIENTED_EDGE('',*,*,#823,.F.);
#1040=ORIENTED_EDGE('',*,*,#824,.F.);
#1041=ORIENTED_EDGE('',*,*,#825,.F.);
#1042=ORIENTED_EDGE('',*,*,#826,.F.);
#1043=ORIENTED_EDGE('',*,*,#827,.F.);
#1044=ORIENTED_EDGE('',*,*,#828,.F.);
#1045=ORIENTED_EDGE('',*,*,#829,.F.);
#1046=ORIENTED_EDGE('',*,*,#803,.T.);
#1047=ORIENTED_EDGE('',*,*,#830,.T.);
#1048=ORIENTED_EDGE('',*,*,#831,.F.);
#1049=ORIENTED_EDGE('',*,*,#832,.F.);
#1050=ORIENTED_EDGE('',*,*,#802,.T.);
#1051=ORIENTED_EDGE('',*,*,#833,.T.);
#1052=ORIENTED_EDGE('',*,*,#834,.F.);
#1053=ORIENTED_EDGE('',*,*,#830,.F.);
#1054=ORIENTED_EDGE('',*,*,#811,.T.);
#1055=ORIENTED_EDGE('',*,*,#835,.T.);
#1056=ORIENTED_EDGE('',*,*,#836,.F.);
#1057=ORIENTED_EDGE('',*,*,#837,.F.);
#1058=ORIENTED_EDGE('',*,*,#810,.T.);
#1059=ORIENTED_EDGE('',*,*,#838,.T.);
#1060=ORIENTED_EDGE('',*,*,#839,.F.);
#1061=ORIENTED_EDGE('',*,*,#835,.F.);
#1062=ORIENTED_EDGE('',*,*,#819,.T.);
#1063=ORIENTED_EDGE('',*,*,#840,.T.);
#1064=ORIENTED_EDGE('',*,*,#841,.F.);
#1065=ORIENTED_EDGE('',*,*,#842,.F.);
#1066=ORIENTED_EDGE('',*,*,#818,.T.);
#1067=ORIENTED_EDGE('',*,*,#843,.T.);
#1068=ORIENTED_EDGE('',*,*,#844,.F.);
#1069=ORIENTED_EDGE('',*,*,#840,.F.);
#1070=ORIENTED_EDGE('',*,*,#827,.T.);
#1071=ORIENTED_EDGE('',*,*,#845,.T.);
#1072=ORIENTED_EDGE('',*,*,#846,.F.);
#1073=ORIENTED_EDGE('',*,*,#847,.F.);
#1074=ORIENTED_EDGE('',*,*,#826,.T.);
#1075=ORIENTED_EDGE('',*,*,#848,.T.);
#1076=ORIENTED_EDGE('',*,*,#849,.F.);
#1077=ORIENTED_EDGE('',*,*,#845,.F.);
#1078=ORIENTED_EDGE('',*,*,#820,.T.);
#1079=ORIENTED_EDGE('',*,*,#842,.T.);
#1080=ORIENTED_EDGE('',*,*,#850,.F.);
#1081=ORIENTED_EDGE('',*,*,#851,.F.);
#1082=ORIENTED_EDGE('',*,*,#821,.T.);
#1083=ORIENTED_EDGE('',*,*,#851,.T.);
#1084=ORIENTED_EDGE('',*,*,#852,.F.);
#1085=ORIENTED_EDGE('',*,*,#843,.F.);
#1086=ORIENTED_EDGE('',*,*,#804,.T.);
#1087=ORIENTED_EDGE('',*,*,#832,.T.);
#1088=ORIENTED_EDGE('',*,*,#853,.F.);
#1089=ORIENTED_EDGE('',*,*,#854,.F.);
#1090=ORIENTED_EDGE('',*,*,#805,.T.);
#1091=ORIENTED_EDGE('',*,*,#854,.T.);
#1092=ORIENTED_EDGE('',*,*,#855,.F.);
#1093=ORIENTED_EDGE('',*,*,#833,.F.);
#1094=ORIENTED_EDGE('',*,*,#812,.T.);
#1095=ORIENTED_EDGE('',*,*,#837,.T.);
#1096=ORIENTED_EDGE('',*,*,#856,.F.);
#1097=ORIENTED_EDGE('',*,*,#857,.F.);
#1098=ORIENTED_EDGE('',*,*,#813,.T.);
#1099=ORIENTED_EDGE('',*,*,#857,.T.);
#1100=ORIENTED_EDGE('',*,*,#858,.F.);
#1101=ORIENTED_EDGE('',*,*,#838,.F.);
#1102=ORIENTED_EDGE('',*,*,#828,.T.);
#1103=ORIENTED_EDGE('',*,*,#847,.T.);
#1104=ORIENTED_EDGE('',*,*,#859,.F.);
#1105=ORIENTED_EDGE('',*,*,#860,.F.);
#1106=ORIENTED_EDGE('',*,*,#829,.T.);
#1107=ORIENTED_EDGE('',*,*,#860,.T.);
#1108=ORIENTED_EDGE('',*,*,#861,.F.);
#1109=ORIENTED_EDGE('',*,*,#848,.F.);
#1110=ORIENTED_EDGE('',*,*,#862,.T.);
#1111=ORIENTED_EDGE('',*,*,#863,.T.);
#1112=ORIENTED_EDGE('',*,*,#806,.T.);
#1113=ORIENTED_EDGE('',*,*,#864,.T.);
#1114=ORIENTED_EDGE('',*,*,#865,.T.);
#1115=ORIENTED_EDGE('',*,*,#866,.T.);
#1116=ORIENTED_EDGE('',*,*,#807,.T.);
#1117=ORIENTED_EDGE('',*,*,#863,.F.);
#1118=ORIENTED_EDGE('',*,*,#867,.T.);
#1119=ORIENTED_EDGE('',*,*,#868,.T.);
#1120=ORIENTED_EDGE('',*,*,#822,.T.);
#1121=ORIENTED_EDGE('',*,*,#869,.T.);
#1122=ORIENTED_EDGE('',*,*,#870,.T.);
#1123=ORIENTED_EDGE('',*,*,#871,.T.);
#1124=ORIENTED_EDGE('',*,*,#823,.T.);
#1125=ORIENTED_EDGE('',*,*,#868,.F.);
#1126=ORIENTED_EDGE('',*,*,#872,.T.);
#1127=ORIENTED_EDGE('',*,*,#873,.T.);
#1128=ORIENTED_EDGE('',*,*,#814,.T.);
#1129=ORIENTED_EDGE('',*,*,#874,.T.);
#1130=ORIENTED_EDGE('',*,*,#875,.T.);
#1131=ORIENTED_EDGE('',*,*,#876,.T.);
#1132=ORIENTED_EDGE('',*,*,#815,.T.);
#1133=ORIENTED_EDGE('',*,*,#873,.F.);
#1134=ORIENTED_EDGE('',*,*,#877,.T.);
#1135=ORIENTED_EDGE('',*,*,#878,.T.);
#1136=ORIENTED_EDGE('',*,*,#798,.T.);
#1137=ORIENTED_EDGE('',*,*,#879,.T.);
#1138=ORIENTED_EDGE('',*,*,#880,.T.);
#1139=ORIENTED_EDGE('',*,*,#881,.T.);
#1140=ORIENTED_EDGE('',*,*,#799,.T.);
#1141=ORIENTED_EDGE('',*,*,#878,.F.);
#1142=ORIENTED_EDGE('',*,*,#882,.T.);
#1143=ORIENTED_EDGE('',*,*,#883,.F.);
#1144=ORIENTED_EDGE('',*,*,#884,.F.);
#1145=ORIENTED_EDGE('',*,*,#885,.F.);
#1146=ORIENTED_EDGE('',*,*,#886,.T.);
#1147=ORIENTED_EDGE('',*,*,#887,.F.);
#1148=ORIENTED_EDGE('',*,*,#888,.F.);
#1149=ORIENTED_EDGE('',*,*,#889,.F.);
#1150=ORIENTED_EDGE('',*,*,#890,.T.);
#1151=ORIENTED_EDGE('',*,*,#891,.T.);
#1152=ORIENTED_EDGE('',*,*,#808,.T.);
#1153=ORIENTED_EDGE('',*,*,#866,.F.);
#1154=ORIENTED_EDGE('',*,*,#892,.T.);
#1155=ORIENTED_EDGE('',*,*,#864,.F.);
#1156=ORIENTED_EDGE('',*,*,#809,.T.);
#1157=ORIENTED_EDGE('',*,*,#891,.F.);
#1158=ORIENTED_EDGE('',*,*,#893,.T.);
#1159=ORIENTED_EDGE('',*,*,#894,.T.);
#1160=ORIENTED_EDGE('',*,*,#824,.T.);
#1161=ORIENTED_EDGE('',*,*,#871,.F.);
#1162=ORIENTED_EDGE('',*,*,#895,.T.);
#1163=ORIENTED_EDGE('',*,*,#869,.F.);
#1164=ORIENTED_EDGE('',*,*,#825,.T.);
#1165=ORIENTED_EDGE('',*,*,#894,.F.);
#1166=ORIENTED_EDGE('',*,*,#896,.T.);
#1167=ORIENTED_EDGE('',*,*,#897,.T.);
#1168=ORIENTED_EDGE('',*,*,#816,.T.);
#1169=ORIENTED_EDGE('',*,*,#876,.F.);
#1170=ORIENTED_EDGE('',*,*,#898,.T.);
#1171=ORIENTED_EDGE('',*,*,#874,.F.);
#1172=ORIENTED_EDGE('',*,*,#817,.T.);
#1173=ORIENTED_EDGE('',*,*,#897,.F.);
#1174=ORIENTED_EDGE('',*,*,#899,.T.);
#1175=ORIENTED_EDGE('',*,*,#900,.T.);
#1176=ORIENTED_EDGE('',*,*,#800,.T.);
#1177=ORIENTED_EDGE('',*,*,#881,.F.);
#1178=ORIENTED_EDGE('',*,*,#901,.T.);
#1179=ORIENTED_EDGE('',*,*,#879,.F.);
#1180=ORIENTED_EDGE('',*,*,#801,.T.);
#1181=ORIENTED_EDGE('',*,*,#900,.F.);
#1182=ORIENTED_EDGE('',*,*,#902,.T.);
#1183=ORIENTED_EDGE('',*,*,#903,.F.);
#1184=ORIENTED_EDGE('',*,*,#904,.F.);
#1185=ORIENTED_EDGE('',*,*,#905,.F.);
#1186=ORIENTED_EDGE('',*,*,#906,.T.);
#1187=ORIENTED_EDGE('',*,*,#907,.F.);
#1188=ORIENTED_EDGE('',*,*,#908,.F.);
#1189=ORIENTED_EDGE('',*,*,#909,.F.);
#1190=ORIENTED_EDGE('',*,*,#889,.T.);
#1191=ORIENTED_EDGE('',*,*,#910,.T.);
#1192=ORIENTED_EDGE('',*,*,#911,.T.);
#1193=ORIENTED_EDGE('',*,*,#912,.T.);
#1194=ORIENTED_EDGE('',*,*,#907,.T.);
#1195=ORIENTED_EDGE('',*,*,#913,.T.);
#1196=ORIENTED_EDGE('',*,*,#914,.T.);
#1197=ORIENTED_EDGE('',*,*,#915,.T.);
#1198=ORIENTED_EDGE('',*,*,#885,.T.);
#1199=ORIENTED_EDGE('',*,*,#916,.T.);
#1200=ORIENTED_EDGE('',*,*,#917,.T.);
#1201=ORIENTED_EDGE('',*,*,#918,.T.);
#1202=ORIENTED_EDGE('',*,*,#905,.T.);
#1203=ORIENTED_EDGE('',*,*,#919,.T.);
#1204=ORIENTED_EDGE('',*,*,#920,.T.);
#1205=ORIENTED_EDGE('',*,*,#921,.T.);
#1206=ORIENTED_EDGE('',*,*,#903,.T.);
#1207=ORIENTED_EDGE('',*,*,#922,.T.);
#1208=ORIENTED_EDGE('',*,*,#923,.T.);
#1209=ORIENTED_EDGE('',*,*,#924,.T.);
#1210=ORIENTED_EDGE('',*,*,#904,.T.);
#1211=ORIENTED_EDGE('',*,*,#924,.F.);
#1212=ORIENTED_EDGE('',*,*,#925,.T.);
#1213=ORIENTED_EDGE('',*,*,#926,.T.);
#1214=ORIENTED_EDGE('',*,*,#927,.T.);
#1215=ORIENTED_EDGE('',*,*,#919,.F.);
#1216=ORIENTED_EDGE('',*,*,#888,.T.);
#1217=ORIENTED_EDGE('',*,*,#928,.F.);
#1218=ORIENTED_EDGE('',*,*,#929,.T.);
#1219=ORIENTED_EDGE('',*,*,#930,.T.);
#1220=ORIENTED_EDGE('',*,*,#931,.T.);
#1221=ORIENTED_EDGE('',*,*,#910,.F.);
#1222=ORIENTED_EDGE('',*,*,#908,.T.);
#1223=ORIENTED_EDGE('',*,*,#915,.F.);
#1224=ORIENTED_EDGE('',*,*,#932,.T.);
#1225=ORIENTED_EDGE('',*,*,#933,.T.);
#1226=ORIENTED_EDGE('',*,*,#934,.T.);
#1227=ORIENTED_EDGE('',*,*,#935,.F.);
#1228=ORIENTED_EDGE('',*,*,#917,.F.);
#1229=ORIENTED_EDGE('',*,*,#936,.F.);
#1230=ORIENTED_EDGE('',*,*,#937,.T.);
#1231=ORIENTED_EDGE('',*,*,#938,.F.);
#1232=ORIENTED_EDGE('',*,*,#883,.T.);
#1233=ORIENTED_EDGE('',*,*,#939,.T.);
#1234=ORIENTED_EDGE('',*,*,#940,.T.);
#1235=ORIENTED_EDGE('',*,*,#941,.T.);
#1236=ORIENTED_EDGE('',*,*,#911,.F.);
#1237=ORIENTED_EDGE('',*,*,#931,.F.);
#1238=ORIENTED_EDGE('',*,*,#942,.T.);
#1239=ORIENTED_EDGE('',*,*,#943,.F.);
#1240=ORIENTED_EDGE('',*,*,#909,.T.);
#1241=ORIENTED_EDGE('',*,*,#935,.T.);
#1242=ORIENTED_EDGE('',*,*,#944,.T.);
#1243=ORIENTED_EDGE('',*,*,#945,.T.);
#1244=ORIENTED_EDGE('',*,*,#944,.F.);
#1245=ORIENTED_EDGE('',*,*,#934,.F.);
#1246=ORIENTED_EDGE('',*,*,#946,.T.);
#1247=ORIENTED_EDGE('',*,*,#947,.F.);
#1248=ORIENTED_EDGE('',*,*,#887,.T.);
#1249=ORIENTED_EDGE('',*,*,#948,.T.);
#1250=ORIENTED_EDGE('',*,*,#949,.T.);
#1251=ORIENTED_EDGE('',*,*,#928,.T.);
#1252=ORIENTED_EDGE('',*,*,#920,.F.);
#1253=ORIENTED_EDGE('',*,*,#927,.F.);
#1254=ORIENTED_EDGE('',*,*,#950,.T.);
#1255=ORIENTED_EDGE('',*,*,#951,.F.);
#1256=ORIENTED_EDGE('',*,*,#952,.F.);
#1257=ORIENTED_EDGE('',*,*,#953,.F.);
#1258=ORIENTED_EDGE('',*,*,#954,.T.);
#1259=ORIENTED_EDGE('',*,*,#937,.F.);
#1260=ORIENTED_EDGE('',*,*,#940,.F.);
#1261=ORIENTED_EDGE('',*,*,#955,.F.);
#1262=ORIENTED_EDGE('',*,*,#953,.T.);
#1263=ORIENTED_EDGE('',*,*,#956,.F.);
#1264=ORIENTED_EDGE('',*,*,#933,.F.);
#1265=ORIENTED_EDGE('',*,*,#957,.F.);
#1266=ORIENTED_EDGE('',*,*,#958,.T.);
#1267=ORIENTED_EDGE('',*,*,#946,.F.);
#1268=ORIENTED_EDGE('',*,*,#914,.F.);
#1269=ORIENTED_EDGE('',*,*,#959,.F.);
#1270=ORIENTED_EDGE('',*,*,#957,.T.);
#1271=ORIENTED_EDGE('',*,*,#932,.F.);
#1272=ORIENTED_EDGE('',*,*,#930,.F.);
#1273=ORIENTED_EDGE('',*,*,#960,.F.);
#1274=ORIENTED_EDGE('',*,*,#961,.T.);
#1275=ORIENTED_EDGE('',*,*,#942,.F.);
#1276=ORIENTED_EDGE('',*,*,#949,.F.);
#1277=ORIENTED_EDGE('',*,*,#962,.F.);
#1278=ORIENTED_EDGE('',*,*,#960,.T.);
#1279=ORIENTED_EDGE('',*,*,#929,.F.);
#1280=ORIENTED_EDGE('',*,*,#926,.F.);
#1281=ORIENTED_EDGE('',*,*,#963,.F.);
#1282=ORIENTED_EDGE('',*,*,#964,.T.);
#1283=ORIENTED_EDGE('',*,*,#950,.F.);
#1284=ORIENTED_EDGE('',*,*,#923,.F.);
#1285=ORIENTED_EDGE('',*,*,#965,.F.);
#1286=ORIENTED_EDGE('',*,*,#963,.T.);
#1287=ORIENTED_EDGE('',*,*,#925,.F.);
#1288=ORIENTED_EDGE('',*,*,#884,.T.);
#1289=ORIENTED_EDGE('',*,*,#941,.F.);
#1290=ORIENTED_EDGE('',*,*,#956,.T.);
#1291=ORIENTED_EDGE('',*,*,#952,.T.);
#1292=ORIENTED_EDGE('',*,*,#936,.T.);
#1293=ORIENTED_EDGE('',*,*,#916,.F.);
#1294=ORIENTED_EDGE('',*,*,#966,.F.);
#1295=ORIENTED_EDGE('',*,*,#967,.T.);
#1296=ORIENTED_EDGE('',*,*,#968,.T.);
#1297=ORIENTED_EDGE('',*,*,#967,.F.);
#1298=ORIENTED_EDGE('',*,*,#968,.F.);
#1299=ORIENTED_EDGE('',*,*,#969,.T.);
#1300=ORIENTED_EDGE('',*,*,#970,.F.);
#1301=ORIENTED_EDGE('',*,*,#971,.T.);
#1302=ORIENTED_EDGE('',*,*,#972,.T.);
#1303=ORIENTED_EDGE('',*,*,#971,.F.);
#1304=ORIENTED_EDGE('',*,*,#972,.F.);
#1305=ORIENTED_EDGE('',*,*,#973,.T.);
#1306=ORIENTED_EDGE('',*,*,#974,.F.);
#1307=ORIENTED_EDGE('',*,*,#975,.T.);
#1308=ORIENTED_EDGE('',*,*,#976,.T.);
#1309=ORIENTED_EDGE('',*,*,#975,.F.);
#1310=ORIENTED_EDGE('',*,*,#976,.F.);
#1311=ORIENTED_EDGE('',*,*,#977,.T.);
#1312=ORIENTED_EDGE('',*,*,#978,.F.);
#1313=ORIENTED_EDGE('',*,*,#979,.T.);
#1314=ORIENTED_EDGE('',*,*,#980,.T.);
#1315=ORIENTED_EDGE('',*,*,#979,.F.);
#1316=ORIENTED_EDGE('',*,*,#980,.F.);
#1317=ORIENTED_EDGE('',*,*,#981,.T.);
#1318=ORIENTED_EDGE('',*,*,#982,.F.);
#1319=ORIENTED_EDGE('',*,*,#983,.T.);
#1320=ORIENTED_EDGE('',*,*,#981,.F.);
#1321=ORIENTED_EDGE('',*,*,#983,.F.);
#1322=ORIENTED_EDGE('',*,*,#984,.F.);
#1323=ORIENTED_EDGE('',*,*,#985,.T.);
#1324=ORIENTED_EDGE('',*,*,#973,.F.);
#1325=ORIENTED_EDGE('',*,*,#985,.F.);
#1326=ORIENTED_EDGE('',*,*,#986,.F.);
#1327=ORIENTED_EDGE('',*,*,#987,.T.);
#1328=ORIENTED_EDGE('',*,*,#969,.F.);
#1329=ORIENTED_EDGE('',*,*,#987,.F.);
#1330=ORIENTED_EDGE('',*,*,#988,.F.);
#1331=ORIENTED_EDGE('',*,*,#989,.T.);
#1332=ORIENTED_EDGE('',*,*,#977,.F.);
#1333=ORIENTED_EDGE('',*,*,#989,.F.);
#1334=ORIENTED_EDGE('',*,*,#990,.T.);
#1335=ORIENTED_EDGE('',*,*,#991,.T.);
#1336=ORIENTED_EDGE('',*,*,#992,.T.);
#1337=ORIENTED_EDGE('',*,*,#993,.T.);
#1338=ORIENTED_EDGE('',*,*,#994,.T.);
#1339=ORIENTED_EDGE('',*,*,#995,.T.);
#1340=ORIENTED_EDGE('',*,*,#996,.T.);
#1341=ORIENTED_EDGE('',*,*,#997,.T.);
#1342=ORIENTED_EDGE('',*,*,#912,.F.);
#1343=ORIENTED_EDGE('',*,*,#943,.T.);
#1344=ORIENTED_EDGE('',*,*,#961,.F.);
#1345=ORIENTED_EDGE('',*,*,#962,.T.);
#1346=ORIENTED_EDGE('',*,*,#948,.F.);
#1347=ORIENTED_EDGE('',*,*,#886,.F.);
#1348=ORIENTED_EDGE('',*,*,#882,.F.);
#1349=ORIENTED_EDGE('',*,*,#918,.F.);
#1350=ORIENTED_EDGE('',*,*,#938,.T.);
#1351=ORIENTED_EDGE('',*,*,#954,.F.);
#1352=ORIENTED_EDGE('',*,*,#955,.T.);
#1353=ORIENTED_EDGE('',*,*,#939,.F.);
#1354=ORIENTED_EDGE('',*,*,#921,.F.);
#1355=ORIENTED_EDGE('',*,*,#951,.T.);
#1356=ORIENTED_EDGE('',*,*,#964,.F.);
#1357=ORIENTED_EDGE('',*,*,#965,.T.);
#1358=ORIENTED_EDGE('',*,*,#922,.F.);
#1359=ORIENTED_EDGE('',*,*,#902,.F.);
#1360=ORIENTED_EDGE('',*,*,#890,.F.);
#1361=ORIENTED_EDGE('',*,*,#865,.F.);
#1362=ORIENTED_EDGE('',*,*,#862,.F.);
#1363=ORIENTED_EDGE('',*,*,#892,.F.);
#1364=ORIENTED_EDGE('',*,*,#893,.F.);
#1365=ORIENTED_EDGE('',*,*,#870,.F.);
#1366=ORIENTED_EDGE('',*,*,#867,.F.);
#1367=ORIENTED_EDGE('',*,*,#895,.F.);
#1368=ORIENTED_EDGE('',*,*,#896,.F.);
#1369=ORIENTED_EDGE('',*,*,#875,.F.);
#1370=ORIENTED_EDGE('',*,*,#872,.F.);
#1371=ORIENTED_EDGE('',*,*,#898,.F.);
#1372=ORIENTED_EDGE('',*,*,#899,.F.);
#1373=ORIENTED_EDGE('',*,*,#880,.F.);
#1374=ORIENTED_EDGE('',*,*,#877,.F.);
#1375=ORIENTED_EDGE('',*,*,#901,.F.);
#1376=ORIENTED_EDGE('',*,*,#906,.F.);
#1377=ORIENTED_EDGE('',*,*,#945,.F.);
#1378=ORIENTED_EDGE('',*,*,#947,.T.);
#1379=ORIENTED_EDGE('',*,*,#958,.F.);
#1380=ORIENTED_EDGE('',*,*,#959,.T.);
#1381=ORIENTED_EDGE('',*,*,#913,.F.);
#1382=ORIENTED_EDGE('',*,*,#982,.T.);
#1383=ORIENTED_EDGE('',*,*,#988,.T.);
#1384=ORIENTED_EDGE('',*,*,#984,.T.);
#1385=ORIENTED_EDGE('',*,*,#986,.T.);
#1386=ORIENTED_EDGE('',*,*,#998,.F.);
#1387=ORIENTED_EDGE('',*,*,#999,.F.);
#1388=ORIENTED_EDGE('',*,*,#1000,.T.);
#1389=ORIENTED_EDGE('',*,*,#994,.F.);
#1390=ORIENTED_EDGE('',*,*,#1000,.F.);
#1391=ORIENTED_EDGE('',*,*,#1001,.F.);
#1392=ORIENTED_EDGE('',*,*,#1002,.T.);
#1393=ORIENTED_EDGE('',*,*,#995,.F.);
#1394=ORIENTED_EDGE('',*,*,#1002,.F.);
#1395=ORIENTED_EDGE('',*,*,#1003,.F.);
#1396=ORIENTED_EDGE('',*,*,#1004,.T.);
#1397=ORIENTED_EDGE('',*,*,#996,.F.);
#1398=ORIENTED_EDGE('',*,*,#1004,.F.);
#1399=ORIENTED_EDGE('',*,*,#1005,.F.);
#1400=ORIENTED_EDGE('',*,*,#1006,.T.);
#1401=ORIENTED_EDGE('',*,*,#997,.F.);
#1402=ORIENTED_EDGE('',*,*,#1006,.F.);
#1403=ORIENTED_EDGE('',*,*,#1007,.F.);
#1404=ORIENTED_EDGE('',*,*,#1008,.T.);
#1405=ORIENTED_EDGE('',*,*,#990,.F.);
#1406=ORIENTED_EDGE('',*,*,#1008,.F.);
#1407=ORIENTED_EDGE('',*,*,#1009,.F.);
#1408=ORIENTED_EDGE('',*,*,#1010,.T.);
#1409=ORIENTED_EDGE('',*,*,#991,.F.);
#1410=ORIENTED_EDGE('',*,*,#1010,.F.);
#1411=ORIENTED_EDGE('',*,*,#1011,.F.);
#1412=ORIENTED_EDGE('',*,*,#1012,.F.);
#1413=ORIENTED_EDGE('',*,*,#992,.F.);
#1414=ORIENTED_EDGE('',*,*,#1012,.T.);
#1415=ORIENTED_EDGE('',*,*,#1013,.F.);
#1416=ORIENTED_EDGE('',*,*,#998,.T.);
#1417=ORIENTED_EDGE('',*,*,#993,.F.);
#1418=ORIENTED_EDGE('',*,*,#1013,.T.);
#1419=ORIENTED_EDGE('',*,*,#1011,.T.);
#1420=ORIENTED_EDGE('',*,*,#1009,.T.);
#1421=ORIENTED_EDGE('',*,*,#1007,.T.);
#1422=ORIENTED_EDGE('',*,*,#1005,.T.);
#1423=ORIENTED_EDGE('',*,*,#1003,.T.);
#1424=ORIENTED_EDGE('',*,*,#1001,.T.);
#1425=ORIENTED_EDGE('',*,*,#999,.T.);
#1426=ORIENTED_EDGE('',*,*,#844,.T.);
#1427=ORIENTED_EDGE('',*,*,#852,.T.);
#1428=ORIENTED_EDGE('',*,*,#850,.T.);
#1429=ORIENTED_EDGE('',*,*,#841,.T.);
#1430=ORIENTED_EDGE('',*,*,#834,.T.);
#1431=ORIENTED_EDGE('',*,*,#855,.T.);
#1432=ORIENTED_EDGE('',*,*,#853,.T.);
#1433=ORIENTED_EDGE('',*,*,#831,.T.);
#1434=ORIENTED_EDGE('',*,*,#839,.T.);
#1435=ORIENTED_EDGE('',*,*,#858,.T.);
#1436=ORIENTED_EDGE('',*,*,#856,.T.);
#1437=ORIENTED_EDGE('',*,*,#836,.T.);
#1438=ORIENTED_EDGE('',*,*,#849,.T.);
#1439=ORIENTED_EDGE('',*,*,#861,.T.);
#1440=ORIENTED_EDGE('',*,*,#859,.T.);
#1441=ORIENTED_EDGE('',*,*,#846,.T.);
#1442=ORIENTED_EDGE('',*,*,#966,.T.);
#1443=ORIENTED_EDGE('',*,*,#970,.T.);
#1444=ORIENTED_EDGE('',*,*,#974,.T.);
#1445=ORIENTED_EDGE('',*,*,#978,.T.);
#1446=PLANE('',#1638);
#1447=PLANE('',#1639);
#1448=PLANE('',#1640);
#1449=PLANE('',#1641);
#1450=PLANE('',#1642);
#1451=PLANE('',#1643);
#1452=PLANE('',#1644);
#1453=PLANE('',#1645);
#1454=PLANE('',#1646);
#1455=PLANE('',#1647);
#1456=PLANE('',#1648);
#1457=PLANE('',#1649);
#1458=PLANE('',#1650);
#1459=PLANE('',#1651);
#1460=PLANE('',#1652);
#1461=PLANE('',#1653);
#1462=PLANE('',#1654);
#1463=PLANE('',#1655);
#1464=PLANE('',#1656);
#1465=PLANE('',#1657);
#1466=PLANE('',#1658);
#1467=PLANE('',#1659);
#1468=PLANE('',#1660);
#1469=PLANE('',#1661);
#1470=PLANE('',#1662);
#1471=PLANE('',#1663);
#1472=PLANE('',#1664);
#1473=PLANE('',#1665);
#1474=PLANE('',#1666);
#1475=PLANE('',#1667);
#1476=PLANE('',#1668);
#1477=PLANE('',#1669);
#1478=PLANE('',#1670);
#1479=PLANE('',#1671);
#1480=PLANE('',#1672);
#1481=PLANE('',#1673);
#1482=PLANE('',#1674);
#1483=PLANE('',#1675);
#1484=PLANE('',#1676);
#1485=PLANE('',#1677);
#1486=PLANE('',#1693);
#1487=PLANE('',#1694);
#1488=PLANE('',#1696);
#1489=PLANE('',#1698);
#1490=PLANE('',#1702);
#1491=PLANE('',#1705);
#1492=PLANE('',#1708);
#1493=PLANE('',#1709);
#1494=PLANE('',#1710);
#1495=PLANE('',#1711);
#1496=PLANE('',#1712);
#1497=PLANE('',#1713);
#1498=PLANE('',#1714);
#1499=PLANE('',#1715);
#1500=PLANE('',#1716);
#1501=PLANE('',#1717);
#1502=PLANE('',#1721);
#1503=PLANE('',#1726);
#1504=PLANE('',#1731);
#1505=PLANE('',#1736);
#1506=PLANE('',#1746);
#1507=PLANE('',#1751);
#1508=PLANE('',#1754);
#1509=PLANE('',#1757);
#1510=PLANE('',#1760);
#1511=PLANE('',#1763);
#1512=STYLED_ITEM('',(#2662),#1538);
#1513=STYLED_ITEM('',(#2662),#1539);
#1514=STYLED_ITEM('',(#2662),#1540);
#1515=STYLED_ITEM('',(#2662),#1541);
#1516=STYLED_ITEM('',(#2662),#1542);
#1517=STYLED_ITEM('',(#2662),#1543);
#1518=STYLED_ITEM('',(#2662),#1548);
#1519=STYLED_ITEM('',(#2662),#1549);
#1520=STYLED_ITEM('',(#2662),#1550);
#1521=STYLED_ITEM('',(#2662),#1551);
#1522=STYLED_ITEM('',(#2662),#1554);
#1523=STYLED_ITEM('',(#2662),#1555);
#1524=STYLED_ITEM('',(#2662),#1560);
#1525=STYLED_ITEM('',(#2662),#1565);
#1526=STYLED_ITEM('',(#2662),#1568);
#1527=STYLED_ITEM('',(#2662),#1573);
#1528=STYLED_ITEM('',(#2662),#1602);
#1529=STYLED_ITEM('',(#2662),#1604);
#1530=STYLED_ITEM('',(#2662),#1606);
#1531=STYLED_ITEM('',(#2662),#1608);
#1532=STYLED_ITEM('',(#2662),#1616);
#1533=STYLED_ITEM('',(#2662),#1620);
#1534=STYLED_ITEM('',(#2662),#1621);
#1535=STYLED_ITEM('',(#2662),#1622);
#1536=STYLED_ITEM('',(#2662),#1623);
#1537=STYLED_ITEM('',(#2661),#13);
#1538=ADVANCED_FACE('',(#102,#74),#1446,.F.);
#1539=ADVANCED_FACE('',(#103,#75),#1447,.F.);
#1540=ADVANCED_FACE('',(#104,#76),#1448,.F.);
#1541=ADVANCED_FACE('',(#105,#77),#1449,.F.);
#1542=ADVANCED_FACE('',(#106),#1450,.F.);
#1543=ADVANCED_FACE('',(#107),#1451,.F.);
#1544=ADVANCED_FACE('',(#108),#1452,.F.);
#1545=ADVANCED_FACE('',(#109),#1453,.F.);
#1546=ADVANCED_FACE('',(#110),#1454,.F.);
#1547=ADVANCED_FACE('',(#111),#1455,.F.);
#1548=ADVANCED_FACE('',(#112),#1456,.F.);
#1549=ADVANCED_FACE('',(#113),#1457,.F.);
#1550=ADVANCED_FACE('',(#114),#1458,.F.);
#1551=ADVANCED_FACE('',(#115),#1459,.F.);
#1552=ADVANCED_FACE('',(#116),#1460,.F.);
#1553=ADVANCED_FACE('',(#117),#1461,.F.);
#1554=ADVANCED_FACE('',(#118),#1462,.F.);
#1555=ADVANCED_FACE('',(#119),#1463,.F.);
#1556=ADVANCED_FACE('',(#120),#1464,.F.);
#1557=ADVANCED_FACE('',(#121),#1465,.F.);
#1558=ADVANCED_FACE('',(#122),#1466,.T.);
#1559=ADVANCED_FACE('',(#123),#1467,.T.);
#1560=ADVANCED_FACE('',(#124),#1468,.T.);
#1561=ADVANCED_FACE('',(#125),#1469,.T.);
#1562=ADVANCED_FACE('',(#126),#1470,.T.);
#1563=ADVANCED_FACE('',(#127),#1471,.T.);
#1564=ADVANCED_FACE('',(#128),#1472,.T.);
#1565=ADVANCED_FACE('',(#129),#1473,.T.);
#1566=ADVANCED_FACE('',(#130),#1474,.T.);
#1567=ADVANCED_FACE('',(#131),#1475,.T.);
#1568=ADVANCED_FACE('',(#132),#1476,.T.);
#1569=ADVANCED_FACE('',(#133),#1477,.T.);
#1570=ADVANCED_FACE('',(#134),#1478,.T.);
#1571=ADVANCED_FACE('',(#135),#1479,.T.);
#1572=ADVANCED_FACE('',(#136),#1480,.T.);
#1573=ADVANCED_FACE('',(#137),#1481,.T.);
#1574=ADVANCED_FACE('',(#138),#1482,.T.);
#1575=ADVANCED_FACE('',(#139),#1483,.T.);
#1576=ADVANCED_FACE('',(#140),#1484,.T.);
#1577=ADVANCED_FACE('',(#141),#1485,.T.);
#1578=ADVANCED_FACE('',(#142),#54,.T.);
#1579=ADVANCED_FACE('',(#143),#55,.T.);
#1580=ADVANCED_FACE('',(#144),#56,.T.);
#1581=ADVANCED_FACE('',(#145),#57,.T.);
#1582=ADVANCED_FACE('',(#146),#58,.T.);
#1583=ADVANCED_FACE('',(#147),#1486,.T.);
#1584=ADVANCED_FACE('',(#148),#1487,.T.);
#1585=ADVANCED_FACE('',(#149),#1488,.T.);
#1586=ADVANCED_FACE('',(#150),#1489,.T.);
#1587=ADVANCED_FACE('',(#151),#59,.T.);
#1588=ADVANCED_FACE('',(#152),#1490,.T.);
#1589=ADVANCED_FACE('',(#153),#60,.T.);
#1590=ADVANCED_FACE('',(#154),#1491,.T.);
#1591=ADVANCED_FACE('',(#155),#61,.T.);
#1592=ADVANCED_FACE('',(#156),#1492,.T.);
#1593=ADVANCED_FACE('',(#157),#1493,.T.);
#1594=ADVANCED_FACE('',(#158),#1494,.T.);
#1595=ADVANCED_FACE('',(#159),#1495,.T.);
#1596=ADVANCED_FACE('',(#160),#1496,.T.);
#1597=ADVANCED_FACE('',(#161),#1497,.T.);
#1598=ADVANCED_FACE('',(#162),#1498,.T.);
#1599=ADVANCED_FACE('',(#163),#1499,.T.);
#1600=ADVANCED_FACE('',(#164),#1500,.T.);
#1601=ADVANCED_FACE('',(#165),#1501,.T.);
#1602=ADVANCED_FACE('',(#166),#62,.F.);
#1603=ADVANCED_FACE('',(#167,#78),#1502,.T.);
#1604=ADVANCED_FACE('',(#168),#63,.F.);
#1605=ADVANCED_FACE('',(#169,#79),#1503,.T.);
#1606=ADVANCED_FACE('',(#170),#64,.F.);
#1607=ADVANCED_FACE('',(#171,#80),#1504,.T.);
#1608=ADVANCED_FACE('',(#172),#65,.F.);
#1609=ADVANCED_FACE('',(#173,#81),#1505,.T.);
#1610=ADVANCED_FACE('',(#174),#66,.F.);
#1611=ADVANCED_FACE('',(#175),#67,.F.);
#1612=ADVANCED_FACE('',(#176),#68,.F.);
#1613=ADVANCED_FACE('',(#177),#69,.F.);
#1614=ADVANCED_FACE('',(#178,#82,#83,#84,#85,#86,#87,#88,#89,#90,#91,#92,
#93),#1506,.T.);
#1615=ADVANCED_FACE('',(#179),#1507,.T.);
#1616=ADVANCED_FACE('',(#180),#70,.T.);
#1617=ADVANCED_FACE('',(#181),#1508,.T.);
#1618=ADVANCED_FACE('',(#182),#71,.T.);
#1619=ADVANCED_FACE('',(#183),#1509,.T.);
#1620=ADVANCED_FACE('',(#184),#72,.T.);
#1621=ADVANCED_FACE('',(#185),#1510,.T.);
#1622=ADVANCED_FACE('',(#186),#73,.T.);
#1623=ADVANCED_FACE('',(#187,#94,#95,#96,#97,#98,#99,#100,#101),#1511,.F.);
#1624=CLOSED_SHELL('',(#1538,#1539,#1540,#1541,#1542,#1543,#1544,#1545,
#1546,#1547,#1548,#1549,#1550,#1551,#1552,#1553,#1554,#1555,#1556,#1557,
#1558,#1559,#1560,#1561,#1562,#1563,#1564,#1565,#1566,#1567,#1568,#1569,
#1570,#1571,#1572,#1573,#1574,#1575,#1576,#1577,#1578,#1579,#1580,#1581,
#1582,#1583,#1584,#1585,#1586,#1587,#1588,#1589,#1590,#1591,#1592,#1593,
#1594,#1595,#1596,#1597,#1598,#1599,#1600,#1601,#1602,#1603,#1604,#1605,
#1606,#1607,#1608,#1609,#1610,#1611,#1612,#1613,#1614,#1615,#1616,#1617,
#1618,#1619,#1620,#1621,#1622,#1623));
#1625=DERIVED_UNIT_ELEMENT(#1627,1.);
#1626=DERIVED_UNIT_ELEMENT(#2646,-3.);
#1627=(
MASS_UNIT()
NAMED_UNIT(*)
SI_UNIT(.KILO.,.GRAM.)
);
#1628=DERIVED_UNIT((#1625,#1626));
#1629=MEASURE_REPRESENTATION_ITEM('density measure',
POSITIVE_RATIO_MEASURE(7850.),#1628);
#1630=PROPERTY_DEFINITION_REPRESENTATION(#1635,#1632);
#1631=PROPERTY_DEFINITION_REPRESENTATION(#1636,#1633);
#1632=REPRESENTATION('material name',(#1634),#2643);
#1633=REPRESENTATION('density',(#1629),#2643);
#1634=DESCRIPTIVE_REPRESENTATION_ITEM('Steel','Steel');
#1635=PROPERTY_DEFINITION('material property','material name',#2653);
#1636=PROPERTY_DEFINITION('material property','density of part',#2653);
#1637=AXIS2_PLACEMENT_3D('',#2194,#1764,#1765);
#1638=AXIS2_PLACEMENT_3D('',#2195,#1766,#1767);
#1639=AXIS2_PLACEMENT_3D('',#2212,#1776,#1777);
#1640=AXIS2_PLACEMENT_3D('',#2229,#1786,#1787);
#1641=AXIS2_PLACEMENT_3D('',#2246,#1796,#1797);
#1642=AXIS2_PLACEMENT_3D('',#2263,#1806,#1807);
#1643=AXIS2_PLACEMENT_3D('',#2269,#1811,#1812);
#1644=AXIS2_PLACEMENT_3D('',#2273,#1815,#1816);
#1645=AXIS2_PLACEMENT_3D('',#2279,#1820,#1821);
#1646=AXIS2_PLACEMENT_3D('',#2283,#1824,#1825);
#1647=AXIS2_PLACEMENT_3D('',#2289,#1829,#1830);
#1648=AXIS2_PLACEMENT_3D('',#2293,#1833,#1834);
#1649=AXIS2_PLACEMENT_3D('',#2299,#1838,#1839);
#1650=AXIS2_PLACEMENT_3D('',#2303,#1842,#1843);
#1651=AXIS2_PLACEMENT_3D('',#2307,#1846,#1847);
#1652=AXIS2_PLACEMENT_3D('',#2309,#1849,#1850);
#1653=AXIS2_PLACEMENT_3D('',#2313,#1853,#1854);
#1654=AXIS2_PLACEMENT_3D('',#2315,#1856,#1857);
#1655=AXIS2_PLACEMENT_3D('',#2319,#1860,#1861);
#1656=AXIS2_PLACEMENT_3D('',#2321,#1863,#1864);
#1657=AXIS2_PLACEMENT_3D('',#2325,#1867,#1868);
#1658=AXIS2_PLACEMENT_3D('',#2327,#1870,#1871);
#1659=AXIS2_PLACEMENT_3D('',#2333,#1875,#1876);
#1660=AXIS2_PLACEMENT_3D('',#2337,#1879,#1880);
#1661=AXIS2_PLACEMENT_3D('',#2343,#1884,#1885);
#1662=AXIS2_PLACEMENT_3D('',#2347,#1888,#1889);
#1663=AXIS2_PLACEMENT_3D('',#2353,#1893,#1894);
#1664=AXIS2_PLACEMENT_3D('',#2357,#1897,#1898);
#1665=AXIS2_PLACEMENT_3D('',#2363,#1902,#1903);
#1666=AXIS2_PLACEMENT_3D('',#2367,#1906,#1907);
#1667=AXIS2_PLACEMENT_3D('',#2376,#1912,#1913);
#1668=AXIS2_PLACEMENT_3D('',#2385,#1918,#1919);
#1669=AXIS2_PLACEMENT_3D('',#2389,#1922,#1923);
#1670=AXIS2_PLACEMENT_3D('',#2391,#1925,#1926);
#1671=AXIS2_PLACEMENT_3D('',#2395,#1929,#1930);
#1672=AXIS2_PLACEMENT_3D('',#2397,#1932,#1933);
#1673=AXIS2_PLACEMENT_3D('',#2401,#1936,#1937);
#1674=AXIS2_PLACEMENT_3D('',#2403,#1939,#1940);
#1675=AXIS2_PLACEMENT_3D('',#2407,#1943,#1944);
#1676=AXIS2_PLACEMENT_3D('',#2409,#1946,#1947);
#1677=AXIS2_PLACEMENT_3D('',#2418,#1952,#1953);
#1678=AXIS2_PLACEMENT_3D('',#2427,#1958,#1959);
#1679=AXIS2_PLACEMENT_3D('',#2429,#1960,#1961);
#1680=AXIS2_PLACEMENT_3D('',#2432,#1963,#1964);
#1681=AXIS2_PLACEMENT_3D('',#2433,#1965,#1966);
#1682=AXIS2_PLACEMENT_3D('',#2435,#1967,#1968);
#1683=AXIS2_PLACEMENT_3D('',#2438,#1970,#1971);
#1684=AXIS2_PLACEMENT_3D('',#2439,#1972,#1973);
#1685=AXIS2_PLACEMENT_3D('',#2441,#1974,#1975);
#1686=AXIS2_PLACEMENT_3D('',#2444,#1977,#1978);
#1687=AXIS2_PLACEMENT_3D('',#2445,#1979,#1980);
#1688=AXIS2_PLACEMENT_3D('',#2447,#1981,#1982);
#1689=AXIS2_PLACEMENT_3D('',#2450,#1984,#1985);
#1690=AXIS2_PLACEMENT_3D('',#2451,#1986,#1987);
#1691=AXIS2_PLACEMENT_3D('',#2453,#1988,#1989);
#1692=AXIS2_PLACEMENT_3D('',#2456,#1991,#1992);
#1693=AXIS2_PLACEMENT_3D('',#2457,#1993,#1994);
#1694=AXIS2_PLACEMENT_3D('',#2463,#1998,#1999);
#1695=AXIS2_PLACEMENT_3D('',#2465,#2000,#2001);
#1696=AXIS2_PLACEMENT_3D('',#2471,#2005,#2006);
#1697=AXIS2_PLACEMENT_3D('',#2478,#2010,#2011);
#1698=AXIS2_PLACEMENT_3D('',#2479,#2012,#2013);
#1699=AXIS2_PLACEMENT_3D('',#2485,#2017,#2018);
#1700=AXIS2_PLACEMENT_3D('',#2487,#2019,#2020);
#1701=AXIS2_PLACEMENT_3D('',#2490,#2022,#2023);
#1702=AXIS2_PLACEMENT_3D('',#2491,#2024,#2025);
#1703=AXIS2_PLACEMENT_3D('',#2495,#2028,#2029);
#1704=AXIS2_PLACEMENT_3D('',#2498,#2031,#2032);
#1705=AXIS2_PLACEMENT_3D('',#2499,#2033,#2034);
#1706=AXIS2_PLACEMENT_3D('',#2503,#2037,#2038);
#1707=AXIS2_PLACEMENT_3D('',#2505,#2039,#2040);
#1708=AXIS2_PLACEMENT_3D('',#2507,#2042,#2043);
#1709=AXIS2_PLACEMENT_3D('',#2511,#2046,#2047);
#1710=AXIS2_PLACEMENT_3D('',#2517,#2051,#2052);
#1711=AXIS2_PLACEMENT_3D('',#2520,#2055,#2056);
#1712=AXIS2_PLACEMENT_3D('',#2524,#2059,#2060);
#1713=AXIS2_PLACEMENT_3D('',#2526,#2062,#2063);
#1714=AXIS2_PLACEMENT_3D('',#2530,#2066,#2067);
#1715=AXIS2_PLACEMENT_3D('',#2532,#2069,#2070);
#1716=AXIS2_PLACEMENT_3D('',#2536,#2073,#2074);
#1717=AXIS2_PLACEMENT_3D('',#2538,#2076,#2077);
#1718=AXIS2_PLACEMENT_3D('',#2539,#2078,#2079);
#1719=AXIS2_PLACEMENT_3D('',#2541,#2080,#2081);
#1720=AXIS2_PLACEMENT_3D('',#2544,#2083,#2084);
#1721=AXIS2_PLACEMENT_3D('',#2545,#2085,#2086);
#1722=AXIS2_PLACEMENT_3D('',#2547,#2087,#2088);
#1723=AXIS2_PLACEMENT_3D('',#2548,#2089,#2090);
#1724=AXIS2_PLACEMENT_3D('',#2550,#2091,#2092);
#1725=AXIS2_PLACEMENT_3D('',#2553,#2094,#2095);
#1726=AXIS2_PLACEMENT_3D('',#2554,#2096,#2097);
#1727=AXIS2_PLACEMENT_3D('',#2556,#2098,#2099);
#1728=AXIS2_PLACEMENT_3D('',#2557,#2100,#2101);
#1729=AXIS2_PLACEMENT_3D('',#2559,#2102,#2103);
#1730=AXIS2_PLACEMENT_3D('',#2562,#2105,#2106);
#1731=AXIS2_PLACEMENT_3D('',#2563,#2107,#2108);
#1732=AXIS2_PLACEMENT_3D('',#2565,#2109,#2110);
#1733=AXIS2_PLACEMENT_3D('',#2566,#2111,#2112);
#1734=AXIS2_PLACEMENT_3D('',#2568,#2113,#2114);
#1735=AXIS2_PLACEMENT_3D('',#2571,#2116,#2117);
#1736=AXIS2_PLACEMENT_3D('',#2572,#2118,#2119);
#1737=AXIS2_PLACEMENT_3D('',#2574,#2120,#2121);
#1738=AXIS2_PLACEMENT_3D('',#2575,#2122,#2123);
#1739=AXIS2_PLACEMENT_3D('',#2577,#2124,#2125);
#1740=AXIS2_PLACEMENT_3D('',#2579,#2127,#2128);
#1741=AXIS2_PLACEMENT_3D('',#2581,#2129,#2130);
#1742=AXIS2_PLACEMENT_3D('',#2583,#2132,#2133);
#1743=AXIS2_PLACEMENT_3D('',#2585,#2134,#2135);
#1744=AXIS2_PLACEMENT_3D('',#2587,#2137,#2138);
#1745=AXIS2_PLACEMENT_3D('',#2589,#2139,#2140);
#1746=AXIS2_PLACEMENT_3D('',#2591,#2142,#2143);
#1747=AXIS2_PLACEMENT_3D('',#2596,#2145,#2146);
#1748=AXIS2_PLACEMENT_3D('',#2600,#2148,#2149);
#1749=AXIS2_PLACEMENT_3D('',#2604,#2151,#2152);
#1750=AXIS2_PLACEMENT_3D('',#2607,#2154,#2155);
#1751=AXIS2_PLACEMENT_3D('',#2608,#2156,#2157);
#1752=AXIS2_PLACEMENT_3D('',#2614,#2161,#2162);
#1753=AXIS2_PLACEMENT_3D('',#2616,#2163,#2164);
#1754=AXIS2_PLACEMENT_3D('',#2618,#2166,#2167);
#1755=AXIS2_PLACEMENT_3D('',#2622,#2170,#2171);
#1756=AXIS2_PLACEMENT_3D('',#2624,#2172,#2173);
#1757=AXIS2_PLACEMENT_3D('',#2626,#2175,#2176);
#1758=AXIS2_PLACEMENT_3D('',#2630,#2179,#2180);
#1759=AXIS2_PLACEMENT_3D('',#2632,#2181,#2182);
#1760=AXIS2_PLACEMENT_3D('',#2634,#2184,#2185);
#1761=AXIS2_PLACEMENT_3D('',#2638,#2188,#2189);
#1762=AXIS2_PLACEMENT_3D('',#2639,#2190,#2191);
#1763=AXIS2_PLACEMENT_3D('',#2640,#2192,#2193);
#1764=DIRECTION('axis',(0.,0.,1.));
#1765=DIRECTION('refdir',(1.,0.,0.));
#1766=DIRECTION('center_axis',(0.,0.,-1.));
#1767=DIRECTION('ref_axis',(-1.,0.,0.));
#1768=DIRECTION('',(1.,0.,0.));
#1769=DIRECTION('',(7.8739221604621E-16,1.,0.));
#1770=DIRECTION('',(-1.,0.,0.));
#1771=DIRECTION('',(-6.29913772836968E-16,-1.,0.));
#1772=DIRECTION('',(-6.83214169000097E-16,-1.,0.));
#1773=DIRECTION('',(-1.,0.,0.));
#1774=DIRECTION('',(6.83214169000096E-16,1.,0.));
#1775=DIRECTION('',(1.,-1.76225876924628E-16,0.));
#1776=DIRECTION('center_axis',(0.,0.,-1.));
#1777=DIRECTION('ref_axis',(-1.,0.,0.));
#1778=DIRECTION('',(-4.72435329627726E-16,-1.,0.));
#1779=DIRECTION('',(1.,3.14956886418484E-16,0.));
#1780=DIRECTION('',(6.69283383639279E-16,1.,0.));
#1781=DIRECTION('',(-1.,0.,0.));
#1782=DIRECTION('',(6.83214169000096E-16,1.,0.));
#1783=DIRECTION('',(1.,0.,0.));
#1784=DIRECTION('',(-5.97812397875084E-16,-1.,0.));
#1785=DIRECTION('',(-1.,0.,0.));
#1786=DIRECTION('center_axis',(0.,0.,-1.));
#1787=DIRECTION('ref_axis',(-1.,0.,0.));
#1788=DIRECTION('',(-1.,-4.72435329627726E-16,0.));
#1789=DIRECTION('',(-3.14956886418484E-16,-1.,0.));
#1790=DIRECTION('',(1.,0.,0.));
#1791=DIRECTION('',(6.29913772836968E-16,1.,0.));
#1792=DIRECTION('',(0.,1.,0.));
#1793=DIRECTION('',(1.,7.04903507698512E-16,0.));
#1794=DIRECTION('',(0.,-1.,0.));
#1795=DIRECTION('',(-1.,0.,0.));
#1796=DIRECTION('center_axis',(0.,0.,-1.));
#1797=DIRECTION('ref_axis',(-1.,0.,0.));
#1798=DIRECTION('',(7.08652994441589E-16,1.,0.));
#1799=DIRECTION('',(-1.,0.,0.));
#1800=DIRECTION('',(-9.44870659255452E-16,-1.,0.));
#1801=DIRECTION('',(1.,0.,0.));
#1802=DIRECTION('',(-1.02482125350014E-15,-1.,0.));
#1803=DIRECTION('',(-1.,0.,0.));
#1804=DIRECTION('',(3.41607084500048E-16,1.,0.));
#1805=DIRECTION('',(1.,1.76225876924628E-16,0.));
#1806=DIRECTION('center_axis',(0.,1.,0.));
#1807=DIRECTION('ref_axis',(1.,0.,0.));
#1808=DIRECTION('',(0.,0.,-1.));
#1809=DIRECTION('',(-1.,0.,0.));
#1810=DIRECTION('',(0.,0.,-1.));
#1811=DIRECTION('center_axis',(-1.,6.83214169000097E-16,0.));
#1812=DIRECTION('ref_axis',(6.83214169000097E-16,1.,0.));
#1813=DIRECTION('',(0.,0.,-1.));
#1814=DIRECTION('',(-6.83214169000097E-16,-1.,0.));
#1815=DIRECTION('center_axis',(0.,-1.,0.));
#1816=DIRECTION('ref_axis',(-1.,0.,0.));
#1817=DIRECTION('',(0.,0.,-1.));
#1818=DIRECTION('',(1.,0.,0.));
#1819=DIRECTION('',(0.,0.,-1.));
#1820=DIRECTION('center_axis',(1.,-6.83214169000096E-16,0.));
#1821=DIRECTION('ref_axis',(-6.83214169000096E-16,-1.,0.));
#1822=DIRECTION('',(0.,0.,-1.));
#1823=DIRECTION('',(6.83214169000096E-16,1.,0.));
#1824=DIRECTION('center_axis',(7.04903507698512E-16,-1.,0.));
#1825=DIRECTION('ref_axis',(-1.,-7.04903507698512E-16,0.));
#1826=DIRECTION('',(0.,0.,-1.));
#1827=DIRECTION('',(1.,7.04903507698512E-16,0.));
#1828=DIRECTION('',(0.,0.,-1.));
#1829=DIRECTION('center_axis',(1.,0.,0.));
#1830=DIRECTION('ref_axis',(0.,-1.,0.));
#1831=DIRECTION('',(0.,0.,-1.));
#1832=DIRECTION('',(0.,1.,0.));
#1833=DIRECTION('center_axis',(0.,1.,0.));
#1834=DIRECTION('ref_axis',(1.,0.,0.));
#1835=DIRECTION('',(0.,0.,-1.));
#1836=DIRECTION('',(-1.,0.,0.));
#1837=DIRECTION('',(0.,0.,-1.));
#1838=DIRECTION('center_axis',(-1.,1.02482125350014E-15,0.));
#1839=DIRECTION('ref_axis',(1.02482125350014E-15,1.,0.));
#1840=DIRECTION('',(0.,0.,-1.));
#1841=DIRECTION('',(-1.02482125350014E-15,-1.,0.));
#1842=DIRECTION('center_axis',(-1.,0.,0.));
#1843=DIRECTION('ref_axis',(0.,1.,0.));
#1844=DIRECTION('',(0.,-1.,0.));
#1845=DIRECTION('',(0.,0.,-1.));
#1846=DIRECTION('center_axis',(0.,1.,0.));
#1847=DIRECTION('ref_axis',(1.,0.,0.));
#1848=DIRECTION('',(-1.,0.,0.));
#1849=DIRECTION('center_axis',(1.,-6.83214169000096E-16,0.));
#1850=DIRECTION('ref_axis',(-6.83214169000096E-16,-1.,0.));
#1851=DIRECTION('',(6.83214169000096E-16,1.,0.));
#1852=DIRECTION('',(0.,0.,-1.));
#1853=DIRECTION('center_axis',(-1.76225876924628E-16,-1.,0.));
#1854=DIRECTION('ref_axis',(-1.,1.76225876924628E-16,0.));
#1855=DIRECTION('',(1.,-1.76225876924628E-16,0.));
#1856=DIRECTION('center_axis',(-1.,5.97812397875084E-16,0.));
#1857=DIRECTION('ref_axis',(5.97812397875084E-16,1.,0.));
#1858=DIRECTION('',(-5.97812397875084E-16,-1.,0.));
#1859=DIRECTION('',(0.,0.,-1.));
#1860=DIRECTION('center_axis',(0.,1.,0.));
#1861=DIRECTION('ref_axis',(1.,0.,0.));
#1862=DIRECTION('',(-1.,0.,0.));
#1863=DIRECTION('center_axis',(1.,-3.41607084500048E-16,0.));
#1864=DIRECTION('ref_axis',(-3.41607084500048E-16,-1.,0.));
#1865=DIRECTION('',(3.41607084500048E-16,1.,0.));
#1866=DIRECTION('',(0.,0.,-1.));
#1867=DIRECTION('center_axis',(1.76225876924628E-16,-1.,0.));
#1868=DIRECTION('ref_axis',(-1.,-1.76225876924628E-16,0.));
#1869=DIRECTION('',(1.,1.76225876924628E-16,0.));
#1870=DIRECTION('center_axis',(-1.,4.72435329627726E-16,0.));
#1871=DIRECTION('ref_axis',(-4.72435329627726E-16,-1.,0.));
#1872=DIRECTION('',(4.72435329627726E-16,1.,0.));
#1873=DIRECTION('',(0.,0.,-1.));
#1874=DIRECTION('',(0.,0.,1.));
#1875=DIRECTION('center_axis',(3.14956886418484E-16,-1.,0.));
#1876=DIRECTION('ref_axis',(1.,3.14956886418484E-16,0.));
#1877=DIRECTION('',(-1.,-3.14956886418484E-16,0.));
#1878=DIRECTION('',(0.,0.,-1.));
#1879=DIRECTION('center_axis',(1.,-7.08652994441589E-16,0.));
#1880=DIRECTION('ref_axis',(7.08652994441589E-16,1.,0.));
#1881=DIRECTION('',(-7.08652994441589E-16,-1.,0.));
#1882=DIRECTION('',(0.,0.,-1.));
#1883=DIRECTION('',(0.,0.,1.));
#1884=DIRECTION('center_axis',(0.,1.,0.));
#1885=DIRECTION('ref_axis',(-1.,0.,0.));
#1886=DIRECTION('',(1.,0.,0.));
#1887=DIRECTION('',(0.,0.,-1.));
#1888=DIRECTION('center_axis',(-4.72435329627726E-16,1.,0.));
#1889=DIRECTION('ref_axis',(-1.,-4.72435329627726E-16,0.));
#1890=DIRECTION('',(1.,4.72435329627726E-16,0.));
#1891=DIRECTION('',(0.,0.,-1.));
#1892=DIRECTION('',(0.,0.,1.));
#1893=DIRECTION('center_axis',(-1.,3.14956886418484E-16,0.));
#1894=DIRECTION('ref_axis',(-3.14956886418484E-16,-1.,0.));
#1895=DIRECTION('',(3.14956886418484E-16,1.,0.));
#1896=DIRECTION('',(0.,0.,-1.));
#1897=DIRECTION('center_axis',(0.,-1.,0.));
#1898=DIRECTION('ref_axis',(1.,0.,0.));
#1899=DIRECTION('',(-1.,0.,0.));
#1900=DIRECTION('',(0.,0.,-1.));
#1901=DIRECTION('',(0.,0.,1.));
#1902=DIRECTION('center_axis',(1.,-7.8739221604621E-16,0.));
#1903=DIRECTION('ref_axis',(7.8739221604621E-16,1.,0.));
#1904=DIRECTION('',(-7.8739221604621E-16,-1.,0.));
#1905=DIRECTION('',(0.,0.,-1.));
#1906=DIRECTION('center_axis',(-1.,6.58305319088635E-16,0.));
#1907=DIRECTION('ref_axis',(-6.58305319088635E-16,-1.,0.));
#1908=DIRECTION('',(6.58305319088635E-16,1.,0.));
#1909=DIRECTION('',(0.,0.,1.));
#1910=DIRECTION('',(6.58305319088635E-16,1.,0.));
#1911=DIRECTION('',(0.,0.,-1.));
#1912=DIRECTION('center_axis',(-2.84672570416707E-16,1.,0.));
#1913=DIRECTION('ref_axis',(-1.,-2.84672570416707E-16,0.));
#1914=DIRECTION('',(1.,2.84672570416707E-16,0.));
#1915=DIRECTION('',(0.,0.,1.));
#1916=DIRECTION('',(1.,2.84672570416707E-16,0.));
#1917=DIRECTION('',(0.,0.,-1.));
#1918=DIRECTION('center_axis',(1.,-6.69283383639279E-16,0.));
#1919=DIRECTION('ref_axis',(6.69283383639279E-16,1.,0.));
#1920=DIRECTION('',(-6.69283383639279E-16,-1.,0.));
#1921=DIRECTION('',(0.,0.,-1.));
#1922=DIRECTION('center_axis',(0.,1.,0.));
#1923=DIRECTION('ref_axis',(-1.,0.,0.));
#1924=DIRECTION('',(1.,0.,0.));
#1925=DIRECTION('center_axis',(-1.,9.44870659255452E-16,0.));
#1926=DIRECTION('ref_axis',(-9.44870659255452E-16,-1.,0.));
#1927=DIRECTION('',(9.44870659255452E-16,1.,0.));
#1928=DIRECTION('',(0.,0.,-1.));
#1929=DIRECTION('center_axis',(0.,-1.,0.));
#1930=DIRECTION('ref_axis',(1.,0.,0.));
#1931=DIRECTION('',(-1.,0.,0.));
#1932=DIRECTION('center_axis',(0.,-1.,0.));
#1933=DIRECTION('ref_axis',(1.,0.,0.));
#1934=DIRECTION('',(-1.,0.,0.));
#1935=DIRECTION('',(0.,0.,-1.));
#1936=DIRECTION('center_axis',(1.,-6.29913772836968E-16,0.));
#1937=DIRECTION('ref_axis',(6.29913772836968E-16,1.,0.));
#1938=DIRECTION('',(-6.29913772836968E-16,-1.,0.));
#1939=DIRECTION('center_axis',(0.,1.,0.));
#1940=DIRECTION('ref_axis',(-1.,0.,0.));
#1941=DIRECTION('',(1.,0.,0.));
#1942=DIRECTION('',(0.,0.,-1.));
#1943=DIRECTION('center_axis',(-1.,6.29913772836968E-16,0.));
#1944=DIRECTION('ref_axis',(-6.29913772836968E-16,-1.,0.));
#1945=DIRECTION('',(6.29913772836968E-16,1.,0.));
#1946=DIRECTION('center_axis',(1.,-5.69345140833413E-16,0.));
#1947=DIRECTION('ref_axis',(5.69345140833413E-16,1.,0.));
#1948=DIRECTION('',(-5.69345140833413E-16,-1.,0.));
#1949=DIRECTION('',(0.,0.,1.));
#1950=DIRECTION('',(-5.69345140833413E-16,-1.,0.));
#1951=DIRECTION('',(0.,0.,-1.));
#1952=DIRECTION('center_axis',(-1.42336285208353E-16,-1.,0.));
#1953=DIRECTION('ref_axis',(1.,-1.42336285208353E-16,0.));
#1954=DIRECTION('',(-1.,1.42336285208353E-16,0.));
#1955=DIRECTION('',(0.,0.,1.));
#1956=DIRECTION('',(-1.,1.42336285208353E-16,0.));
#1957=DIRECTION('',(0.,0.,-1.));
#1958=DIRECTION('center_axis',(0.,0.,1.));
#1959=DIRECTION('ref_axis',(0.707106781186547,-0.707106781186548,0.));
#1960=DIRECTION('center_axis',(0.,0.,-1.));
#1961=DIRECTION('ref_axis',(0.707106781186547,-0.707106781186548,0.));
#1962=DIRECTION('',(0.,0.,1.));
#1963=DIRECTION('center_axis',(0.,0.,-1.));
#1964=DIRECTION('ref_axis',(0.707106781186547,-0.707106781186548,0.));
#1965=DIRECTION('center_axis',(0.,0.,1.));
#1966=DIRECTION('ref_axis',(0.707106781186547,0.707106781186547,0.));
#1967=DIRECTION('center_axis',(0.,0.,-1.));
#1968=DIRECTION('ref_axis',(0.707106781186547,0.707106781186547,0.));
#1969=DIRECTION('',(0.,0.,-1.));
#1970=DIRECTION('center_axis',(0.,0.,-1.));
#1971=DIRECTION('ref_axis',(0.707106781186547,0.707106781186547,0.));
#1972=DIRECTION('center_axis',(0.,0.,1.));
#1973=DIRECTION('ref_axis',(0.707106781186547,0.707106781186547,0.));
#1974=DIRECTION('center_axis',(0.,0.,-1.));
#1975=DIRECTION('ref_axis',(0.707106781186547,0.707106781186547,0.));
#1976=DIRECTION('',(0.,0.,1.));
#1977=DIRECTION('center_axis',(0.,0.,-1.));
#1978=DIRECTION('ref_axis',(0.707106781186547,0.707106781186547,0.));
#1979=DIRECTION('center_axis',(0.,0.,1.));
#1980=DIRECTION('ref_axis',(-0.707106781186563,-0.707106781186532,0.));
#1981=DIRECTION('center_axis',(0.,0.,-1.));
#1982=DIRECTION('ref_axis',(-0.707106781186563,-0.707106781186532,0.));
#1983=DIRECTION('',(0.,0.,1.));
#1984=DIRECTION('center_axis',(0.,0.,-1.));
#1985=DIRECTION('ref_axis',(-0.707106781186563,-0.707106781186532,0.));
#1986=DIRECTION('center_axis',(0.,0.,1.));
#1987=DIRECTION('ref_axis',(-0.707106781186547,0.707106781186547,0.));
#1988=DIRECTION('center_axis',(0.,0.,-1.));
#1989=DIRECTION('ref_axis',(-0.707106781186547,0.707106781186547,0.));
#1990=DIRECTION('',(0.,0.,-1.));
#1991=DIRECTION('center_axis',(0.,0.,-1.));
#1992=DIRECTION('ref_axis',(-0.707106781186547,0.707106781186547,0.));
#1993=DIRECTION('center_axis',(0.,0.,1.));
#1994=DIRECTION('ref_axis',(1.,0.,0.));
#1995=DIRECTION('',(1.,0.,0.));
#1996=DIRECTION('',(9.98883515585161E-13,1.,0.));
#1997=DIRECTION('',(-1.,4.34220560742283E-14,0.));
#1998=DIRECTION('center_axis',(0.,0.,1.));
#1999=DIRECTION('ref_axis',(1.,0.,0.));
#2000=DIRECTION('center_axis',(0.,0.,-1.));
#2001=DIRECTION('ref_axis',(-0.707106781186563,-0.707106781186532,0.));
#2002=DIRECTION('',(9.86864910777917E-16,1.,0.));
#2003=DIRECTION('',(-1.,1.32116539930449E-13,0.));
#2004=DIRECTION('',(-1.2335811384724E-16,-1.,0.));
#2005=DIRECTION('center_axis',(0.,0.,1.));
#2006=DIRECTION('ref_axis',(1.,0.,0.));
#2007=DIRECTION('',(0.,-1.,0.));
#2008=DIRECTION('',(1.,-2.85798170843655E-12,0.));
#2009=DIRECTION('',(0.,1.,0.));
#2010=DIRECTION('center_axis',(0.,0.,-1.));
#2011=DIRECTION('ref_axis',(-0.707106781186547,0.707106781186547,0.));
#2012=DIRECTION('center_axis',(0.,1.,0.));
#2013=DIRECTION('ref_axis',(-1.,0.,0.));
#2014=DIRECTION('',(1.,0.,0.));
#2015=DIRECTION('',(0.,0.,1.));
#2016=DIRECTION('',(-1.,0.,0.));
#2017=DIRECTION('center_axis',(0.,0.,1.));
#2018=DIRECTION('ref_axis',(0.707106781186547,-0.707106781186548,0.));
#2019=DIRECTION('center_axis',(0.,0.,-1.));
#2020=DIRECTION('ref_axis',(0.707106781186547,-0.707106781186548,0.));
#2021=DIRECTION('',(0.,0.,-1.));
#2022=DIRECTION('center_axis',(0.,0.,-1.));
#2023=DIRECTION('ref_axis',(0.707106781186547,-0.707106781186548,0.));
#2024=DIRECTION('center_axis',(1.,-1.2335811384724E-16,0.));
#2025=DIRECTION('ref_axis',(1.2335811384724E-16,1.,0.));
#2026=DIRECTION('',(0.,0.,1.));
#2027=DIRECTION('',(1.2335811384724E-16,1.,0.));
#2028=DIRECTION('center_axis',(0.,0.,1.));
#2029=DIRECTION('ref_axis',(-0.707106781186547,0.707106781186547,0.));
#2030=DIRECTION('',(0.,0.,1.));
#2031=DIRECTION('center_axis',(0.,0.,-1.));
#2032=DIRECTION('ref_axis',(-0.707106781186547,0.707106781186547,0.));
#2033=DIRECTION('center_axis',(-1.,0.,0.));
#2034=DIRECTION('ref_axis',(0.,-1.,0.));
#2035=DIRECTION('',(0.,0.,1.));
#2036=DIRECTION('',(0.,-1.,0.));
#2037=DIRECTION('center_axis',(0.,0.,1.));
#2038=DIRECTION('ref_axis',(-0.707106781186563,-0.707106781186532,0.));
#2039=DIRECTION('center_axis',(0.,0.,-1.));
#2040=DIRECTION('ref_axis',(-0.707106781186563,-0.707106781186532,0.));
#2041=DIRECTION('',(0.,0.,-1.));
#2042=DIRECTION('center_axis',(-4.34220560742283E-14,-1.,0.));
#2043=DIRECTION('ref_axis',(1.,-4.34220560742283E-14,0.));
#2044=DIRECTION('',(0.,0.,1.));
#2045=DIRECTION('',(1.,-4.34220560742283E-14,0.));
#2046=DIRECTION('center_axis',(1.,1.37786607520444E-15,0.));
#2047=DIRECTION('ref_axis',(1.37786607520444E-15,-1.,0.));
#2048=DIRECTION('',(1.37786607520444E-15,-1.,0.));
#2049=DIRECTION('',(0.,0.,-1.));
#2050=DIRECTION('',(1.37786607520444E-15,-1.,0.));
#2051=DIRECTION('center_axis',(0.,-1.,0.));
#2052=DIRECTION('ref_axis',(1.,0.,0.));
#2053=DIRECTION('',(1.,0.,0.));
#2054=DIRECTION('',(-1.,0.,0.));
#2055=DIRECTION('center_axis',(2.85798170843655E-12,1.,0.));
#2056=DIRECTION('ref_axis',(1.,-2.85798170843655E-12,0.));
#2057=DIRECTION('',(0.,0.,-1.));
#2058=DIRECTION('',(1.,-2.85798170843655E-12,0.));
#2059=DIRECTION('center_axis',(1.,0.,0.));
#2060=DIRECTION('ref_axis',(0.,1.,0.));
#2061=DIRECTION('',(0.,1.,0.));
#2062=DIRECTION('center_axis',(-1.32116539930449E-13,-1.,0.));
#2063=DIRECTION('ref_axis',(-1.,1.32116539930449E-13,0.));
#2064=DIRECTION('',(0.,0.,-1.));
#2065=DIRECTION('',(-1.,1.32116539930449E-13,0.));
#2066=DIRECTION('center_axis',(-1.,9.86864910777917E-16,0.));
#2067=DIRECTION('ref_axis',(-9.86864910777917E-16,-1.,0.));
#2068=DIRECTION('',(-9.86864910777917E-16,-1.,0.));
#2069=DIRECTION('center_axis',(-1.,9.98883515585161E-13,0.));
#2070=DIRECTION('ref_axis',(9.98883515585161E-13,1.,0.));
#2071=DIRECTION('',(0.,0.,-1.));
#2072=DIRECTION('',(9.98883515585161E-13,1.,0.));
#2073=DIRECTION('center_axis',(0.,1.,0.));
#2074=DIRECTION('ref_axis',(-1.,0.,0.));
#2075=DIRECTION('',(-1.,0.,0.));
#2076=DIRECTION('center_axis',(0.,0.,1.));
#2077=DIRECTION('ref_axis',(1.,0.,0.));
#2078=DIRECTION('center_axis',(0.,0.,1.));
#2079=DIRECTION('ref_axis',(-1.,0.,0.));
#2080=DIRECTION('center_axis',(0.,0.,1.));
#2081=DIRECTION('ref_axis',(-1.,0.,0.));
#2082=DIRECTION('',(0.,0.,1.));
#2083=DIRECTION('center_axis',(0.,0.,1.));
#2084=DIRECTION('ref_axis',(-1.,0.,0.));
#2085=DIRECTION('center_axis',(0.,0.,-1.));
#2086=DIRECTION('ref_axis',(-1.,0.,0.));
#2087=DIRECTION('center_axis',(0.,0.,1.));
#2088=DIRECTION('ref_axis',(-1.,0.,0.));
#2089=DIRECTION('center_axis',(0.,0.,1.));
#2090=DIRECTION('ref_axis',(-1.,0.,0.));
#2091=DIRECTION('center_axis',(0.,0.,1.));
#2092=DIRECTION('ref_axis',(-1.,0.,0.));
#2093=DIRECTION('',(0.,0.,1.));
#2094=DIRECTION('center_axis',(0.,0.,1.));
#2095=DIRECTION('ref_axis',(-1.,0.,0.));
#2096=DIRECTION('center_axis',(0.,0.,-1.));
#2097=DIRECTION('ref_axis',(-1.,0.,0.));
#2098=DIRECTION('center_axis',(0.,0.,1.));
#2099=DIRECTION('ref_axis',(-1.,0.,0.));
#2100=DIRECTION('center_axis',(0.,0.,1.));
#2101=DIRECTION('ref_axis',(-1.,0.,0.));
#2102=DIRECTION('center_axis',(0.,0.,1.));
#2103=DIRECTION('ref_axis',(-1.,0.,0.));
#2104=DIRECTION('',(0.,0.,1.));
#2105=DIRECTION('center_axis',(0.,0.,1.));
#2106=DIRECTION('ref_axis',(-1.,0.,0.));
#2107=DIRECTION('center_axis',(0.,0.,-1.));
#2108=DIRECTION('ref_axis',(-1.,0.,0.));
#2109=DIRECTION('center_axis',(0.,0.,1.));
#2110=DIRECTION('ref_axis',(-1.,0.,0.));
#2111=DIRECTION('center_axis',(0.,0.,1.));
#2112=DIRECTION('ref_axis',(-1.,0.,0.));
#2113=DIRECTION('center_axis',(0.,0.,1.));
#2114=DIRECTION('ref_axis',(-1.,0.,0.));
#2115=DIRECTION('',(0.,0.,1.));
#2116=DIRECTION('center_axis',(0.,0.,1.));
#2117=DIRECTION('ref_axis',(-1.,0.,0.));
#2118=DIRECTION('center_axis',(0.,0.,-1.));
#2119=DIRECTION('ref_axis',(-1.,0.,0.));
#2120=DIRECTION('center_axis',(0.,0.,1.));
#2121=DIRECTION('ref_axis',(-1.,0.,0.));
#2122=DIRECTION('center_axis',(0.,0.,-1.));
#2123=DIRECTION('ref_axis',(-1.,0.,0.));
#2124=DIRECTION('center_axis',(0.,0.,-1.));
#2125=DIRECTION('ref_axis',(-1.,0.,0.));
#2126=DIRECTION('',(0.,0.,-1.));
#2127=DIRECTION('center_axis',(0.,0.,-1.));
#2128=DIRECTION('ref_axis',(-1.,0.,0.));
#2129=DIRECTION('center_axis',(0.,0.,-1.));
#2130=DIRECTION('ref_axis',(-1.,0.,0.));
#2131=DIRECTION('',(0.,0.,-1.));
#2132=DIRECTION('center_axis',(0.,0.,-1.));
#2133=DIRECTION('ref_axis',(-1.,0.,0.));
#2134=DIRECTION('center_axis',(0.,0.,-1.));
#2135=DIRECTION('ref_axis',(-1.,0.,0.));
#2136=DIRECTION('',(0.,0.,-1.));
#2137=DIRECTION('center_axis',(0.,0.,-1.));
#2138=DIRECTION('ref_axis',(-1.,0.,0.));
#2139=DIRECTION('center_axis',(0.,0.,-1.));
#2140=DIRECTION('ref_axis',(-1.,0.,0.));
#2141=DIRECTION('',(0.,0.,-1.));
#2142=DIRECTION('center_axis',(0.,0.,1.));
#2143=DIRECTION('ref_axis',(1.,0.,0.));
#2144=DIRECTION('',(-1.16341445918998E-15,-1.,0.));
#2145=DIRECTION('center_axis',(0.,0.,1.));
#2146=DIRECTION('ref_axis',(-1.,0.,0.));
#2147=DIRECTION('',(1.,0.,0.));
#2148=DIRECTION('center_axis',(0.,0.,1.));
#2149=DIRECTION('ref_axis',(0.,-1.,0.));
#2150=DIRECTION('',(0.,1.,0.));
#2151=DIRECTION('center_axis',(0.,0.,1.));
#2152=DIRECTION('ref_axis',(1.,0.,0.));
#2153=DIRECTION('',(-1.,4.53957858957842E-14,0.));
#2154=DIRECTION('center_axis',(0.,0.,1.));
#2155=DIRECTION('ref_axis',(0.,1.,0.));
#2156=DIRECTION('center_axis',(1.,0.,0.));
#2157=DIRECTION('ref_axis',(0.,-1.,0.));
#2158=DIRECTION('',(0.,0.,1.));
#2159=DIRECTION('',(0.,-1.,0.));
#2160=DIRECTION('',(0.,0.,1.));
#2161=DIRECTION('center_axis',(0.,0.,-1.));
#2162=DIRECTION('ref_axis',(1.,0.,0.));
#2163=DIRECTION('center_axis',(0.,0.,-1.));
#2164=DIRECTION('ref_axis',(1.,0.,0.));
#2165=DIRECTION('',(0.,0.,1.));
#2166=DIRECTION('center_axis',(4.53957858957842E-14,1.,0.));
#2167=DIRECTION('ref_axis',(1.,-4.53957858957842E-14,0.));
#2168=DIRECTION('',(1.,-4.53957858957842E-14,0.));
#2169=DIRECTION('',(0.,0.,1.));
#2170=DIRECTION('center_axis',(0.,0.,-1.));
#2171=DIRECTION('ref_axis',(0.,1.,0.));
#2172=DIRECTION('center_axis',(0.,0.,-1.));
#2173=DIRECTION('ref_axis',(0.,1.,0.));
#2174=DIRECTION('',(0.,0.,1.));
#2175=DIRECTION('center_axis',(-1.,1.16341445918998E-15,0.));
#2176=DIRECTION('ref_axis',(1.16341445918998E-15,1.,0.));
#2177=DIRECTION('',(1.16341445918998E-15,1.,0.));
#2178=DIRECTION('',(0.,0.,1.));
#2179=DIRECTION('center_axis',(0.,0.,-1.));
#2180=DIRECTION('ref_axis',(-1.,0.,0.));
#2181=DIRECTION('center_axis',(0.,0.,-1.));
#2182=DIRECTION('ref_axis',(-1.,0.,0.));
#2183=DIRECTION('',(0.,0.,1.));
#2184=DIRECTION('center_axis',(0.,-1.,0.));
#2185=DIRECTION('ref_axis',(-1.,0.,0.));
#2186=DIRECTION('',(-1.,0.,0.));
#2187=DIRECTION('',(0.,0.,-1.));
#2188=DIRECTION('center_axis',(0.,0.,-1.));
#2189=DIRECTION('ref_axis',(0.,-1.,0.));
#2190=DIRECTION('center_axis',(0.,0.,-1.));
#2191=DIRECTION('ref_axis',(0.,-1.,0.));
#2192=DIRECTION('center_axis',(0.,0.,1.));
#2193=DIRECTION('ref_axis',(1.,0.,0.));
#2194=CARTESIAN_POINT('',(0.,0.,0.));
#2195=CARTESIAN_POINT('Origin',(37.0000000000001,37.0000000000002,-3.));
#2196=CARTESIAN_POINT('',(38.000000000028,35.99999999992,-3.));
#2197=CARTESIAN_POINT('',(66.200000000028,35.99999999992,-3.));
#2198=CARTESIAN_POINT('',(37.500000000014,35.99999999992,-3.));
#2199=CARTESIAN_POINT('',(38.000000000028,7.79999999991999,-3.));
#2200=CARTESIAN_POINT('',(38.000000000028,22.3999999999601,-3.));
#2201=CARTESIAN_POINT('',(66.200000000028,7.79999999991999,-3.));
#2202=CARTESIAN_POINT('',(51.600000000014,7.79999999991999,-3.));
#2203=CARTESIAN_POINT('',(66.200000000028,36.4999999999601,-3.));
#2204=CARTESIAN_POINT('',(39.500000000028,30.79999999992,-3.));
#2205=CARTESIAN_POINT('',(39.500000000028,17.79999999992,-3.));
#2206=CARTESIAN_POINT('',(39.500000000028,27.3999999999601,-3.));
#2207=CARTESIAN_POINT('',(64.700000000028,30.79999999992,-3.));
#2208=CARTESIAN_POINT('',(38.250000000014,30.79999999992,-3.));
#2209=CARTESIAN_POINT('',(64.700000000028,17.79999999992,-3.));
#2210=CARTESIAN_POINT('',(64.700000000028,33.8999999999601,-3.));
#2211=CARTESIAN_POINT('',(50.850000000014,17.79999999992,-3.));
#2212=CARTESIAN_POINT('Origin',(37.0000000000001,37.0000000000002,-3.));
#2213=CARTESIAN_POINT('',(36.000000000028,66.19999999992,-3.));
#2214=CARTESIAN_POINT('',(36.000000000028,37.99999999992,-3.));
#2215=CARTESIAN_POINT('',(36.000000000028,51.5999999999601,-3.));
#2216=CARTESIAN_POINT('',(7.80000000002798,66.19999999992,-3.));
#2217=CARTESIAN_POINT('',(22.400000000014,66.19999999992,-3.));
#2218=CARTESIAN_POINT('',(7.80000000002797,37.99999999992,-3.));
#2219=CARTESIAN_POINT('',(7.80000000002796,37.4999999999601,-3.));
#2220=CARTESIAN_POINT('',(36.500000000014,37.99999999992,-3.));
#2221=CARTESIAN_POINT('',(34.500000000028,43.19999999992,-3.));
#2222=CARTESIAN_POINT('',(34.500000000028,56.19999999992,-3.));
#2223=CARTESIAN_POINT('',(34.500000000028,46.5999999999601,-3.));
#2224=CARTESIAN_POINT('',(9.30000000002797,43.19999999992,-3.));
#2225=CARTESIAN_POINT('',(35.750000000014,43.19999999992,-3.));
#2226=CARTESIAN_POINT('',(9.30000000002798,56.19999999992,-3.));
#2227=CARTESIAN_POINT('',(9.30000000002797,40.0999999999601,-3.));
#2228=CARTESIAN_POINT('',(23.150000000014,56.19999999992,-3.));
#2229=CARTESIAN_POINT('Origin',(37.0000000000001,37.0000000000002,-3.));
#2230=CARTESIAN_POINT('',(66.200000000028,37.99999999992,-3.));
#2231=CARTESIAN_POINT('',(38.000000000028,37.99999999992,-3.));
#2232=CARTESIAN_POINT('',(51.600000000014,37.99999999992,-3.));
#2233=CARTESIAN_POINT('',(66.200000000028,66.19999999992,-3.));
#2234=CARTESIAN_POINT('',(66.200000000028,51.5999999999601,-3.));
#2235=CARTESIAN_POINT('',(38.000000000028,66.19999999992,-3.));
#2236=CARTESIAN_POINT('',(37.500000000014,66.19999999992,-3.));
#2237=CARTESIAN_POINT('',(38.000000000028,37.4999999999601,-3.));
#2238=CARTESIAN_POINT('',(64.700000000028,43.19999999992,-3.));
#2239=CARTESIAN_POINT('',(64.700000000028,56.19999999992,-3.));
#2240=CARTESIAN_POINT('',(64.700000000028,46.5999999999601,-3.));
#2241=CARTESIAN_POINT('',(39.500000000028,43.19999999992,-3.));
#2242=CARTESIAN_POINT('',(50.850000000014,43.19999999992,-3.));
#2243=CARTESIAN_POINT('',(39.500000000028,56.19999999992,-3.));
#2244=CARTESIAN_POINT('',(39.500000000028,40.0999999999601,-3.));
#2245=CARTESIAN_POINT('',(38.250000000014,56.19999999992,-3.));
#2246=CARTESIAN_POINT('Origin',(37.0000000000001,37.0000000000002,-3.));
#2247=CARTESIAN_POINT('',(7.80000000002795,7.79999999991999,-3.));
#2248=CARTESIAN_POINT('',(7.80000000002797,35.99999999992,-3.));
#2249=CARTESIAN_POINT('',(7.80000000002796,22.3999999999601,-3.));
#2250=CARTESIAN_POINT('',(36.0000000000279,7.79999999991999,-3.));
#2251=CARTESIAN_POINT('',(36.500000000014,7.79999999991999,-3.));
#2252=CARTESIAN_POINT('',(36.000000000028,35.99999999992,-3.));
#2253=CARTESIAN_POINT('',(36.000000000028,36.4999999999601,-3.));
#2254=CARTESIAN_POINT('',(22.400000000014,35.99999999992,-3.));
#2255=CARTESIAN_POINT('',(9.30000000002797,30.79999999992,-3.));
#2256=CARTESIAN_POINT('',(9.30000000002795,17.79999999992,-3.));
#2257=CARTESIAN_POINT('',(9.30000000002796,27.3999999999601,-3.));
#2258=CARTESIAN_POINT('',(34.500000000028,30.79999999992,-3.));
#2259=CARTESIAN_POINT('',(23.150000000014,30.79999999992,-3.));
#2260=CARTESIAN_POINT('',(34.500000000028,17.79999999992,-3.));
#2261=CARTESIAN_POINT('',(34.500000000028,33.8999999999601,-3.));
#2262=CARTESIAN_POINT('',(35.750000000014,17.79999999992,-3.));
#2263=CARTESIAN_POINT('Origin',(39.500000000028,30.79999999992,0.));
#2264=CARTESIAN_POINT('',(39.500000000028,30.79999999992,-4.));
#2265=CARTESIAN_POINT('',(39.500000000028,30.79999999992,0.));
#2266=CARTESIAN_POINT('',(64.700000000028,30.79999999992,-4.));
#2267=CARTESIAN_POINT('',(38.250000000014,30.79999999992,-4.));
#2268=CARTESIAN_POINT('',(64.700000000028,30.79999999992,0.));
#2269=CARTESIAN_POINT('Origin',(39.500000000028,17.79999999992,0.));
#2270=CARTESIAN_POINT('',(39.500000000028,17.79999999992,-4.));
#2271=CARTESIAN_POINT('',(39.500000000028,17.79999999992,0.));
#2272=CARTESIAN_POINT('',(39.500000000028,27.3999999999601,-4.));
#2273=CARTESIAN_POINT('Origin',(34.500000000028,43.19999999992,0.));
#2274=CARTESIAN_POINT('',(34.500000000028,43.19999999992,-4.));
#2275=CARTESIAN_POINT('',(34.500000000028,43.19999999992,0.));
#2276=CARTESIAN_POINT('',(9.30000000002797,43.19999999992,-4.));
#2277=CARTESIAN_POINT('',(35.750000000014,43.19999999992,-4.));
#2278=CARTESIAN_POINT('',(9.30000000002797,43.19999999992,0.));
#2279=CARTESIAN_POINT('Origin',(34.500000000028,56.19999999992,0.));
#2280=CARTESIAN_POINT('',(34.500000000028,56.19999999992,-4.));
#2281=CARTESIAN_POINT('',(34.500000000028,56.19999999992,0.));
#2282=CARTESIAN_POINT('',(34.500000000028,46.5999999999601,-4.));
#2283=CARTESIAN_POINT('Origin',(64.700000000028,43.19999999992,0.));
#2284=CARTESIAN_POINT('',(64.700000000028,43.19999999992,-4.));
#2285=CARTESIAN_POINT('',(64.700000000028,43.19999999992,0.));
#2286=CARTESIAN_POINT('',(39.500000000028,43.19999999992,-4.));
#2287=CARTESIAN_POINT('',(50.850000000014,43.19999999992,-4.));
#2288=CARTESIAN_POINT('',(39.500000000028,43.19999999992,0.));
#2289=CARTESIAN_POINT('Origin',(64.700000000028,56.19999999992,0.));
#2290=CARTESIAN_POINT('',(64.700000000028,56.19999999992,-4.));
#2291=CARTESIAN_POINT('',(64.700000000028,56.19999999992,0.));
#2292=CARTESIAN_POINT('',(64.700000000028,46.5999999999601,-4.));
#2293=CARTESIAN_POINT('Origin',(9.30000000002797,30.79999999992,0.));
#2294=CARTESIAN_POINT('',(9.30000000002797,30.79999999992,-4.));
#2295=CARTESIAN_POINT('',(9.30000000002797,30.79999999992,0.));
#2296=CARTESIAN_POINT('',(34.500000000028,30.79999999992,-4.));
#2297=CARTESIAN_POINT('',(23.150000000014,30.79999999992,-4.));
#2298=CARTESIAN_POINT('',(34.500000000028,30.79999999992,0.));
#2299=CARTESIAN_POINT('Origin',(9.30000000002795,17.79999999992,0.));
#2300=CARTESIAN_POINT('',(9.30000000002795,17.79999999992,-4.));
#2301=CARTESIAN_POINT('',(9.30000000002795,17.79999999992,0.));
#2302=CARTESIAN_POINT('',(9.30000000002796,27.3999999999601,-4.));
#2303=CARTESIAN_POINT('Origin',(39.500000000028,43.19999999992,0.));
#2304=CARTESIAN_POINT('',(39.500000000028,56.19999999992,-4.));
#2305=CARTESIAN_POINT('',(39.500000000028,40.0999999999601,-4.));
#2306=CARTESIAN_POINT('',(39.500000000028,56.19999999992,0.));
#2307=CARTESIAN_POINT('Origin',(39.500000000028,56.19999999992,0.));
#2308=CARTESIAN_POINT('',(38.250000000014,56.19999999992,-4.));
#2309=CARTESIAN_POINT('Origin',(64.700000000028,30.79999999992,0.));
#2310=CARTESIAN_POINT('',(64.700000000028,17.79999999992,-4.));
#2311=CARTESIAN_POINT('',(64.700000000028,33.8999999999601,-4.));
#2312=CARTESIAN_POINT('',(64.700000000028,17.79999999992,0.));
#2313=CARTESIAN_POINT('Origin',(64.700000000028,17.79999999992,0.));
#2314=CARTESIAN_POINT('',(50.850000000014,17.79999999992,-4.));
#2315=CARTESIAN_POINT('Origin',(9.30000000002797,43.19999999992,0.));
#2316=CARTESIAN_POINT('',(9.30000000002798,56.19999999992,-4.));
#2317=CARTESIAN_POINT('',(9.30000000002797,40.0999999999601,-4.));
#2318=CARTESIAN_POINT('',(9.30000000002798,56.19999999992,0.));
#2319=CARTESIAN_POINT('Origin',(9.30000000002798,56.19999999992,0.));
#2320=CARTESIAN_POINT('',(23.150000000014,56.19999999992,-4.));
#2321=CARTESIAN_POINT('Origin',(34.500000000028,30.79999999992,0.));
#2322=CARTESIAN_POINT('',(34.500000000028,17.79999999992,-4.));
#2323=CARTESIAN_POINT('',(34.500000000028,33.8999999999601,-4.));
#2324=CARTESIAN_POINT('',(34.500000000028,17.79999999992,0.));
#2325=CARTESIAN_POINT('Origin',(34.500000000028,17.79999999992,0.));
#2326=CARTESIAN_POINT('',(35.750000000014,17.79999999992,-4.));
#2327=CARTESIAN_POINT('Origin',(36.000000000028,66.19999999992,0.));
#2328=CARTESIAN_POINT('',(36.000000000028,37.99999999992,2.));
#2329=CARTESIAN_POINT('',(36.000000000028,66.19999999992,2.));
#2330=CARTESIAN_POINT('',(36.000000000028,51.59999999992,2.));
#2331=CARTESIAN_POINT('',(36.000000000028,66.19999999992,0.));
#2332=CARTESIAN_POINT('',(36.000000000028,37.99999999992,0.));
#2333=CARTESIAN_POINT('Origin',(7.80000000002799,66.19999999992,0.));
#2334=CARTESIAN_POINT('',(7.80000000002799,66.19999999992,2.));
#2335=CARTESIAN_POINT('',(22.400000000028,66.19999999992,2.));
#2336=CARTESIAN_POINT('',(7.80000000002799,66.19999999992,0.));
#2337=CARTESIAN_POINT('Origin',(7.80000000002795,7.79999999991999,0.));
#2338=CARTESIAN_POINT('',(7.80000000002797,35.99999999992,2.));
#2339=CARTESIAN_POINT('',(7.80000000002795,7.79999999991999,2.));
#2340=CARTESIAN_POINT('',(7.80000000002796,22.39999999992,2.));
#2341=CARTESIAN_POINT('',(7.80000000002795,7.79999999991999,0.));
#2342=CARTESIAN_POINT('',(7.80000000002797,35.99999999992,0.));
#2343=CARTESIAN_POINT('Origin',(36.0000000000279,7.79999999991999,0.));
#2344=CARTESIAN_POINT('',(36.0000000000279,7.79999999991999,2.));
#2345=CARTESIAN_POINT('',(36.500000000028,7.79999999991999,2.));
#2346=CARTESIAN_POINT('',(36.0000000000279,7.79999999991999,0.));
#2347=CARTESIAN_POINT('Origin',(66.200000000028,37.99999999992,0.));
#2348=CARTESIAN_POINT('',(38.000000000028,37.99999999992,2.));
#2349=CARTESIAN_POINT('',(66.200000000028,37.99999999992,2.));
#2350=CARTESIAN_POINT('',(51.600000000028,37.99999999992,2.));
#2351=CARTESIAN_POINT('',(66.200000000028,37.99999999992,0.));
#2352=CARTESIAN_POINT('',(38.000000000028,37.99999999992,0.));
#2353=CARTESIAN_POINT('Origin',(66.200000000028,66.19999999992,0.));
#2354=CARTESIAN_POINT('',(66.200000000028,66.19999999992,2.));
#2355=CARTESIAN_POINT('',(66.200000000028,51.59999999992,2.));
#2356=CARTESIAN_POINT('',(66.200000000028,66.19999999992,0.));
#2357=CARTESIAN_POINT('Origin',(38.000000000028,35.99999999992,0.));
#2358=CARTESIAN_POINT('',(66.200000000028,35.99999999992,2.));
#2359=CARTESIAN_POINT('',(38.000000000028,35.99999999992,2.));
#2360=CARTESIAN_POINT('',(37.500000000028,35.99999999992,2.));
#2361=CARTESIAN_POINT('',(38.000000000028,35.99999999992,0.));
#2362=CARTESIAN_POINT('',(66.200000000028,35.99999999992,0.));
#2363=CARTESIAN_POINT('Origin',(38.000000000028,7.79999999991999,0.));
#2364=CARTESIAN_POINT('',(38.000000000028,7.79999999991999,2.));
#2365=CARTESIAN_POINT('',(38.000000000028,22.39999999992,2.));
#2366=CARTESIAN_POINT('',(38.000000000028,7.79999999991999,0.));
#2367=CARTESIAN_POINT('Origin',(5.80000000002799,65.3352384841346,0.));
#2368=CARTESIAN_POINT('',(5.80000000002795,8.66476151586546,2.));
#2369=CARTESIAN_POINT('',(5.80000000002799,65.3352384841346,2.));
#2370=CARTESIAN_POINT('',(5.80000000002797,51.1676192420273,2.));
#2371=CARTESIAN_POINT('',(5.80000000002799,65.3352384841346,0.));
#2372=CARTESIAN_POINT('',(5.80000000002798,65.3352384841346,0.));
#2373=CARTESIAN_POINT('',(5.80000000002795,8.66476151586546,0.));
#2374=CARTESIAN_POINT('',(5.80000000002798,51.1676192420674,0.));
#2375=CARTESIAN_POINT('',(5.80000000002795,8.66476151586546,0.));
#2376=CARTESIAN_POINT('Origin',(65.3352384841547,68.19999999992,0.));
#2377=CARTESIAN_POINT('',(8.66476151584536,68.19999999992,2.));
#2378=CARTESIAN_POINT('',(65.3352384841547,68.19999999992,2.));
#2379=CARTESIAN_POINT('',(51.1676192420913,68.19999999992,2.));
#2380=CARTESIAN_POINT('',(65.3352384841547,68.19999999992,0.));
#2381=CARTESIAN_POINT('',(65.3352384841547,68.19999999992,0.));
#2382=CARTESIAN_POINT('',(8.66476151584536,68.19999999992,0.));
#2383=CARTESIAN_POINT('',(51.1676192420774,68.19999999992,0.));
#2384=CARTESIAN_POINT('',(8.66476151584536,68.19999999992,0.));
#2385=CARTESIAN_POINT('Origin',(7.80000000002797,37.99999999992,0.));
#2386=CARTESIAN_POINT('',(7.80000000002797,37.99999999992,2.));
#2387=CARTESIAN_POINT('',(7.80000000002797,37.49999999992,2.));
#2388=CARTESIAN_POINT('',(7.80000000002797,37.99999999992,0.));
#2389=CARTESIAN_POINT('Origin',(36.000000000028,37.99999999992,0.));
#2390=CARTESIAN_POINT('',(36.500000000028,37.99999999992,2.));
#2391=CARTESIAN_POINT('Origin',(36.000000000028,35.99999999992,0.));
#2392=CARTESIAN_POINT('',(36.000000000028,35.99999999992,2.));
#2393=CARTESIAN_POINT('',(36.000000000028,36.49999999992,2.));
#2394=CARTESIAN_POINT('',(36.000000000028,35.99999999992,0.));
#2395=CARTESIAN_POINT('Origin',(7.80000000002797,35.99999999992,0.));
#2396=CARTESIAN_POINT('',(22.400000000028,35.99999999992,2.));
#2397=CARTESIAN_POINT('Origin',(38.000000000028,66.19999999992,0.));
#2398=CARTESIAN_POINT('',(38.000000000028,66.19999999992,2.));
#2399=CARTESIAN_POINT('',(37.500000000028,66.19999999992,2.));
#2400=CARTESIAN_POINT('',(38.000000000028,66.19999999992,0.));
#2401=CARTESIAN_POINT('Origin',(38.000000000028,37.99999999992,0.));
#2402=CARTESIAN_POINT('',(38.000000000028,37.49999999992,2.));
#2403=CARTESIAN_POINT('Origin',(66.200000000028,7.79999999991999,0.));
#2404=CARTESIAN_POINT('',(66.200000000028,7.79999999991999,2.));
#2405=CARTESIAN_POINT('',(51.600000000028,7.79999999991999,2.));
#2406=CARTESIAN_POINT('',(66.200000000028,7.79999999991999,0.));
#2407=CARTESIAN_POINT('Origin',(66.200000000028,35.99999999992,0.));
#2408=CARTESIAN_POINT('',(66.200000000028,36.49999999992,2.));
#2409=CARTESIAN_POINT('Origin',(68.200000000028,8.66476151588703,0.));
#2410=CARTESIAN_POINT('',(68.200000000028,65.3352384841131,2.));
#2411=CARTESIAN_POINT('',(68.200000000028,8.66476151588703,2.));
#2412=CARTESIAN_POINT('',(68.200000000028,22.8323807579035,2.));
#2413=CARTESIAN_POINT('',(68.200000000028,8.66476151588703,0.));
#2414=CARTESIAN_POINT('',(68.200000000028,8.66476151588703,0.));
#2415=CARTESIAN_POINT('',(68.200000000028,65.3352384841131,0.));
#2416=CARTESIAN_POINT('',(68.200000000028,22.8323807579436,0.));
#2417=CARTESIAN_POINT('',(68.200000000028,65.3352384841131,0.));
#2418=CARTESIAN_POINT('Origin',(8.66476151590711,5.79999999991999,0.));
#2419=CARTESIAN_POINT('',(65.3352384840929,5.79999999991998,2.));
#2420=CARTESIAN_POINT('',(8.66476151590711,5.79999999991999,2.));
#2421=CARTESIAN_POINT('',(22.8323807579675,5.79999999991999,2.));
#2422=CARTESIAN_POINT('',(8.66476151590711,5.79999999991999,0.));
#2423=CARTESIAN_POINT('',(8.66476151590711,5.79999999991999,0.));
#2424=CARTESIAN_POINT('',(65.3352384840929,5.79999999991998,0.));
#2425=CARTESIAN_POINT('',(22.8323807579536,5.79999999991999,0.));
#2426=CARTESIAN_POINT('',(65.3352384840929,5.79999999991999,0.));
#2427=CARTESIAN_POINT('Origin',(3.99999999999999,70.,0.));
#2428=CARTESIAN_POINT('',(8.99999999999999,70.,0.));
#2429=CARTESIAN_POINT('Origin',(3.99999999999999,70.,0.));
#2430=CARTESIAN_POINT('',(8.99999999999999,70.,2.));
#2431=CARTESIAN_POINT('',(8.99999999999999,70.,0.));
#2432=CARTESIAN_POINT('Origin',(3.99999999999999,70.,2.));
#2433=CARTESIAN_POINT('Origin',(4.,4.,0.));
#2434=CARTESIAN_POINT('',(9.,4.,2.));
#2435=CARTESIAN_POINT('Origin',(4.,4.,2.));
#2436=CARTESIAN_POINT('',(9.,4.,0.));
#2437=CARTESIAN_POINT('',(9.,4.,0.));
#2438=CARTESIAN_POINT('Origin',(4.,4.,0.));
#2439=CARTESIAN_POINT('Origin',(4.,4.,0.));
#2440=CARTESIAN_POINT('',(4.,9.,0.));
#2441=CARTESIAN_POINT('Origin',(4.,4.,0.));
#2442=CARTESIAN_POINT('',(4.,9.,2.));
#2443=CARTESIAN_POINT('',(4.,9.,0.));
#2444=CARTESIAN_POINT('Origin',(4.,4.,2.));
#2445=CARTESIAN_POINT('Origin',(70.,70.0000000000002,0.));
#2446=CARTESIAN_POINT('',(69.9999999999998,65.0000000000002,0.));
#2447=CARTESIAN_POINT('Origin',(70.,70.0000000000002,0.));
#2448=CARTESIAN_POINT('',(69.9999999999998,65.0000000000002,2.));
#2449=CARTESIAN_POINT('',(69.9999999999998,65.0000000000002,0.));
#2450=CARTESIAN_POINT('Origin',(70.,70.0000000000002,2.));
#2451=CARTESIAN_POINT('Origin',(70.,4.,0.));
#2452=CARTESIAN_POINT('',(70.,9.,2.));
#2453=CARTESIAN_POINT('Origin',(70.,4.,2.));
#2454=CARTESIAN_POINT('',(70.,9.,0.));
#2455=CARTESIAN_POINT('',(70.,9.,0.));
#2456=CARTESIAN_POINT('Origin',(70.,4.,0.));
#2457=CARTESIAN_POINT('Origin',(37.0000000000001,37.0000000000002,0.));
#2458=CARTESIAN_POINT('',(71.4000000000001,9.,0.));
#2459=CARTESIAN_POINT('',(55.5,9.,0.));
#2460=CARTESIAN_POINT('',(71.400000000056,65.0000000000001,0.));
#2461=CARTESIAN_POINT('',(71.4000000000141,23.0000000000319,0.));
#2462=CARTESIAN_POINT('',(51.0000000000006,65.000000000001,0.));
#2463=CARTESIAN_POINT('Origin',(37.0000000000001,37.0000000000002,0.));
#2464=CARTESIAN_POINT('',(65.,70.0000000000002,0.));
#2465=CARTESIAN_POINT('Origin',(70.,70.0000000000002,0.));
#2466=CARTESIAN_POINT('',(65.,71.3999999999926,0.));
#2467=CARTESIAN_POINT('',(65.,55.5000000000003,0.));
#2468=CARTESIAN_POINT('',(8.99999999999999,71.4,0.));
#2469=CARTESIAN_POINT('',(51.0000000000174,71.3999999999945,0.));
#2470=CARTESIAN_POINT('',(8.99999999999999,51.0000000000001,0.));
#2471=CARTESIAN_POINT('Origin',(37.0000000000001,37.0000000000002,0.));
#2472=CARTESIAN_POINT('',(9.,2.6,0.));
#2473=CARTESIAN_POINT('',(9.,18.5000000000001,0.));
#2474=CARTESIAN_POINT('',(65.,2.59999999983995,0.));
#2475=CARTESIAN_POINT('',(22.9999999999509,2.59999999995999,0.));
#2476=CARTESIAN_POINT('',(65.,4.,0.));
#2477=CARTESIAN_POINT('',(65.,23.0000000000001,0.));
#2478=CARTESIAN_POINT('Origin',(70.,4.,0.));
#2479=CARTESIAN_POINT('Origin',(9.,9.,0.));
#2480=CARTESIAN_POINT('',(2.60000000000001,9.,0.));
#2481=CARTESIAN_POINT('',(23.,9.,0.));
#2482=CARTESIAN_POINT('',(2.60000000000001,9.,2.));
#2483=CARTESIAN_POINT('',(2.60000000000001,9.,1.));
#2484=CARTESIAN_POINT('',(9.,9.,2.));
#2485=CARTESIAN_POINT('Origin',(3.99999999999999,70.,0.));
#2486=CARTESIAN_POINT('',(3.99999999999999,65.,2.));
#2487=CARTESIAN_POINT('Origin',(3.99999999999999,70.,2.));
#2488=CARTESIAN_POINT('',(3.99999999999999,65.,0.));
#2489=CARTESIAN_POINT('',(3.99999999999999,65.,0.));
#2490=CARTESIAN_POINT('Origin',(3.99999999999999,70.,0.));
#2491=CARTESIAN_POINT('Origin',(8.99999999999999,65.,0.));
#2492=CARTESIAN_POINT('',(9.00000000005352,71.4,2.));
#2493=CARTESIAN_POINT('',(8.99999999999999,71.4,1.));
#2494=CARTESIAN_POINT('',(8.99999999999999,65.,2.));
#2495=CARTESIAN_POINT('Origin',(70.,4.,0.));
#2496=CARTESIAN_POINT('',(65.,4.,2.));
#2497=CARTESIAN_POINT('',(65.,4.,0.));
#2498=CARTESIAN_POINT('Origin',(70.,4.,2.));
#2499=CARTESIAN_POINT('Origin',(65.,9.,0.));
#2500=CARTESIAN_POINT('',(64.999999999984,2.59999999983995,2.));
#2501=CARTESIAN_POINT('',(65.,2.59999999983995,1.));
#2502=CARTESIAN_POINT('',(65.,9.,2.));
#2503=CARTESIAN_POINT('Origin',(70.,70.0000000000002,0.));
#2504=CARTESIAN_POINT('',(65.,70.0000000000002,2.));
#2505=CARTESIAN_POINT('Origin',(70.,70.0000000000002,2.));
#2506=CARTESIAN_POINT('',(65.,70.0000000000002,0.));
#2507=CARTESIAN_POINT('Origin',(65.,65.0000000000004,0.));
#2508=CARTESIAN_POINT('',(71.400000000056,65.0000000000427,2.));
#2509=CARTESIAN_POINT('',(71.400000000056,65.0000000000001,1.));
#2510=CARTESIAN_POINT('',(65.,65.0000000000004,2.));
#2511=CARTESIAN_POINT('Origin',(2.59999999999993,65.,2.));
#2512=CARTESIAN_POINT('',(2.59999999999993,65.,0.));
#2513=CARTESIAN_POINT('',(2.59999999999996,51.0000000000001,0.));
#2514=CARTESIAN_POINT('',(2.59999999999993,65.,2.));
#2515=CARTESIAN_POINT('',(2.59999999999993,65.,1.));
#2516=CARTESIAN_POINT('',(2.59999999999999,23.0000000000001,2.));
#2517=CARTESIAN_POINT('Origin',(-1.04707301327099E-14,65.,0.));
#2518=CARTESIAN_POINT('',(-1.04707301327099E-14,65.,2.));
#2519=CARTESIAN_POINT('',(18.5,65.,0.));
#2520=CARTESIAN_POINT('Origin',(9.,2.6,2.));
#2521=CARTESIAN_POINT('',(9.,2.6,2.));
#2522=CARTESIAN_POINT('',(9.,2.6,1.));
#2523=CARTESIAN_POINT('',(50.9999999999428,2.59999999987996,2.));
#2524=CARTESIAN_POINT('Origin',(9.,0.,0.));
#2525=CARTESIAN_POINT('',(9.,0.,2.));
#2526=CARTESIAN_POINT('Origin',(65.0000000000301,71.3999999999926,2.));
#2527=CARTESIAN_POINT('',(65.0000000000301,71.3999999999926,2.));
#2528=CARTESIAN_POINT('',(65.,71.3999999999926,1.));
#2529=CARTESIAN_POINT('',(23.000000000029,71.3999999999982,2.));
#2530=CARTESIAN_POINT('Origin',(65.,74.0000000000004,0.));
#2531=CARTESIAN_POINT('',(65.,74.0000000000004,2.));
#2532=CARTESIAN_POINT('Origin',(71.4000000000001,9.00000000009791,2.));
#2533=CARTESIAN_POINT('',(71.4000000000001,9.00000000009791,2.));
#2534=CARTESIAN_POINT('',(71.4000000000001,9.,1.));
#2535=CARTESIAN_POINT('',(71.400000000042,51.0000000000043,2.));
#2536=CARTESIAN_POINT('Origin',(74.,9.,0.));
#2537=CARTESIAN_POINT('',(74.,9.,2.));
#2538=CARTESIAN_POINT('Origin',(37.0000000000001,37.0000000000002,0.));
#2539=CARTESIAN_POINT('Origin',(4.5,69.5,-4.));
#2540=CARTESIAN_POINT('',(6.5,69.5,-4.));
#2541=CARTESIAN_POINT('Origin',(4.5,69.5,-4.));
#2542=CARTESIAN_POINT('',(6.5,69.5,-3.33066907387547E-15));
#2543=CARTESIAN_POINT('',(6.5,69.5,-4.));
#2544=CARTESIAN_POINT('Origin',(4.5,69.5,-3.33066907387547E-15));
#2545=CARTESIAN_POINT('Origin',(37.,37.,-3.33066907387547E-15));
#2546=CARTESIAN_POINT('',(5.7,69.5,-3.33066907387547E-15));
#2547=CARTESIAN_POINT('Origin',(4.5,69.5,-3.33066907387547E-15));
#2548=CARTESIAN_POINT('Origin',(69.5,69.5,-4.));
#2549=CARTESIAN_POINT('',(71.5,69.5,-4.));
#2550=CARTESIAN_POINT('Origin',(69.5,69.5,-4.));
#2551=CARTESIAN_POINT('',(71.5,69.5,-3.33066907387547E-15));
#2552=CARTESIAN_POINT('',(71.5,69.5,-4.));
#2553=CARTESIAN_POINT('Origin',(69.5,69.5,-3.33066907387547E-15));
#2554=CARTESIAN_POINT('Origin',(37.,37.,-3.33066907387547E-15));
#2555=CARTESIAN_POINT('',(70.7,69.5,-3.33066907387547E-15));
#2556=CARTESIAN_POINT('Origin',(69.5,69.5,-3.33066907387547E-15));
#2557=CARTESIAN_POINT('Origin',(69.5,4.5,-4.));
#2558=CARTESIAN_POINT('',(71.5,4.5,-4.));
#2559=CARTESIAN_POINT('Origin',(69.5,4.5,-4.));
#2560=CARTESIAN_POINT('',(71.5,4.5,-3.33066907387547E-15));
#2561=CARTESIAN_POINT('',(71.5,4.5,-4.));
#2562=CARTESIAN_POINT('Origin',(69.5,4.5,-3.33066907387547E-15));
#2563=CARTESIAN_POINT('Origin',(37.,37.,-3.33066907387547E-15));
#2564=CARTESIAN_POINT('',(70.7,4.5,-3.33066907387547E-15));
#2565=CARTESIAN_POINT('Origin',(69.5,4.5,-3.33066907387547E-15));
#2566=CARTESIAN_POINT('Origin',(4.5,4.5,-4.));
#2567=CARTESIAN_POINT('',(6.5,4.5,-4.));
#2568=CARTESIAN_POINT('Origin',(4.5,4.5,-4.));
#2569=CARTESIAN_POINT('',(6.5,4.5,-3.33066907387547E-15));
#2570=CARTESIAN_POINT('',(6.5,4.5,-4.));
#2571=CARTESIAN_POINT('Origin',(4.5,4.5,-3.33066907387547E-15));
#2572=CARTESIAN_POINT('Origin',(37.,37.,-3.33066907387547E-15));
#2573=CARTESIAN_POINT('',(5.7,4.5,-3.33066907387547E-15));
#2574=CARTESIAN_POINT('Origin',(4.5,4.5,-3.33066907387547E-15));
#2575=CARTESIAN_POINT('Origin',(4.5,4.5,2.));
#2576=CARTESIAN_POINT('',(5.7,4.5,2.));
#2577=CARTESIAN_POINT('Origin',(4.5,4.5,2.));
#2578=CARTESIAN_POINT('',(5.7,4.5,2.));
#2579=CARTESIAN_POINT('Origin',(69.5,69.5,2.));
#2580=CARTESIAN_POINT('',(70.7,69.5,2.));
#2581=CARTESIAN_POINT('Origin',(69.5,69.5,2.));
#2582=CARTESIAN_POINT('',(70.7,69.5,2.));
#2583=CARTESIAN_POINT('Origin',(4.5,69.5,2.));
#2584=CARTESIAN_POINT('',(5.7,69.5,2.));
#2585=CARTESIAN_POINT('Origin',(4.5,69.5,2.));
#2586=CARTESIAN_POINT('',(5.7,69.5,2.));
#2587=CARTESIAN_POINT('Origin',(69.5,4.5,2.));
#2588=CARTESIAN_POINT('',(70.7,4.5,2.));
#2589=CARTESIAN_POINT('Origin',(69.5,4.5,2.));
#2590=CARTESIAN_POINT('',(70.7,4.5,2.));
#2591=CARTESIAN_POINT('Origin',(4.49999999999999,69.5,2.));
#2592=CARTESIAN_POINT('',(-3.33066907387547E-15,70.,2.));
#2593=CARTESIAN_POINT('',(0.,4.,2.));
#2594=CARTESIAN_POINT('',(-4.62223186652937E-32,74.,2.));
#2595=CARTESIAN_POINT('',(4.,0.,2.));
#2596=CARTESIAN_POINT('Origin',(4.,4.,2.));
#2597=CARTESIAN_POINT('',(70.,0.,2.));
#2598=CARTESIAN_POINT('',(0.,0.,2.));
#2599=CARTESIAN_POINT('',(74.,4.,2.));
#2600=CARTESIAN_POINT('Origin',(70.,4.,2.));
#2601=CARTESIAN_POINT('',(74.0000000000002,70.,2.));
#2602=CARTESIAN_POINT('',(74.,8.32001735975286E-31,2.));
#2603=CARTESIAN_POINT('',(70.,74.0000000000002,2.));
#2604=CARTESIAN_POINT('Origin',(70.,70.,2.));
#2605=CARTESIAN_POINT('',(4.,74.,2.));
#2606=CARTESIAN_POINT('',(74.,74.,2.));
#2607=CARTESIAN_POINT('Origin',(4.,70.,2.));
#2608=CARTESIAN_POINT('Origin',(74.,70.,0.));
#2609=CARTESIAN_POINT('',(74.,4.,-4.));
#2610=CARTESIAN_POINT('',(74.,4.,0.));
#2611=CARTESIAN_POINT('',(74.0000000000002,70.,-4.));
#2612=CARTESIAN_POINT('',(74.,8.32001735975286E-31,-4.));
#2613=CARTESIAN_POINT('',(74.0000000000002,70.,0.));
#2614=CARTESIAN_POINT('Origin',(70.,70.,0.));
#2615=CARTESIAN_POINT('',(70.,74.0000000000002,-4.));
#2616=CARTESIAN_POINT('Origin',(70.,70.,-4.));
#2617=CARTESIAN_POINT('',(70.,74.0000000000002,0.));
#2618=CARTESIAN_POINT('Origin',(4.,74.0000000000032,0.));
#2619=CARTESIAN_POINT('',(4.,74.,-4.));
#2620=CARTESIAN_POINT('',(74.,74.,-4.));
#2621=CARTESIAN_POINT('',(4.,74.,0.));
#2622=CARTESIAN_POINT('Origin',(4.,70.,0.));
#2623=CARTESIAN_POINT('',(0.,70.,-4.));
#2624=CARTESIAN_POINT('Origin',(4.,70.,-4.));
#2625=CARTESIAN_POINT('',(-3.33066907387547E-15,70.,0.));
#2626=CARTESIAN_POINT('Origin',(-8.14390121432989E-14,4.,0.));
#2627=CARTESIAN_POINT('',(0.,4.,-4.));
#2628=CARTESIAN_POINT('',(-4.62223186652937E-32,74.,-4.));
#2629=CARTESIAN_POINT('',(0.,4.,0.));
#2630=CARTESIAN_POINT('Origin',(4.,4.,0.));
#2631=CARTESIAN_POINT('',(4.,0.,-4.));
#2632=CARTESIAN_POINT('Origin',(4.,4.,-4.));
#2633=CARTESIAN_POINT('',(4.,0.,0.));
#2634=CARTESIAN_POINT('Origin',(70.,0.,0.));
#2635=CARTESIAN_POINT('',(70.,0.,-4.));
#2636=CARTESIAN_POINT('',(0.,0.,-4.));
#2637=CARTESIAN_POINT('',(70.,0.,0.));
#2638=CARTESIAN_POINT('Origin',(70.,4.,0.));
#2639=CARTESIAN_POINT('Origin',(70.,4.,-4.));
#2640=CARTESIAN_POINT('Origin',(37.0000000000001,37.0000000000002,-4.));
#2641=UNCERTAINTY_MEASURE_WITH_UNIT(LENGTH_MEASURE(0.01),#2645,
'DISTANCE_ACCURACY_VALUE',
'Maximum model space distance between geometric entities at asserted c
onnectivities');
#2642=UNCERTAINTY_MEASURE_WITH_UNIT(LENGTH_MEASURE(0.01),#2645,
'DISTANCE_ACCURACY_VALUE',
'Maximum model space distance between geometric entities at asserted c
onnectivities');
#2643=(
GEOMETRIC_REPRESENTATION_CONTEXT(3)
GLOBAL_UNCERTAINTY_ASSIGNED_CONTEXT((#2641))
GLOBAL_UNIT_ASSIGNED_CONTEXT((#2645,#2647,#2648))
REPRESENTATION_CONTEXT('','3D')
);
#2644=(
GEOMETRIC_REPRESENTATION_CONTEXT(3)
GLOBAL_UNCERTAINTY_ASSIGNED_CONTEXT((#2642))
GLOBAL_UNIT_ASSIGNED_CONTEXT((#2645,#2647,#2648))
REPRESENTATION_CONTEXT('','3D')
);
#2645=(
LENGTH_UNIT()
NAMED_UNIT(*)
SI_UNIT(.MILLI.,.METRE.)
);
#2646=(
LENGTH_UNIT()
NAMED_UNIT(*)
SI_UNIT($,.METRE.)
);
#2647=(
NAMED_UNIT(*)
PLANE_ANGLE_UNIT()
SI_UNIT($,.RADIAN.)
);
#2648=(
NAMED_UNIT(*)
SI_UNIT($,.STERADIAN.)
SOLID_ANGLE_UNIT()
);
#2649=SHAPE_DEFINITION_REPRESENTATION(#2650,#2651);
#2650=PRODUCT_DEFINITION_SHAPE('',$,#2653);
#2651=SHAPE_REPRESENTATION('',(#1637),#2643);
#2652=PRODUCT_DEFINITION_CONTEXT('part definition',#2657,'design');
#2653=PRODUCT_DEFINITION('Lid','4sqaure og front plate',#2654,#2652);
#2654=PRODUCT_DEFINITION_FORMATION('',$,#2659);
#2655=PRODUCT_RELATED_PRODUCT_CATEGORY('4sqaure og front plate',
'4sqaure og front plate',(#2659));
#2656=APPLICATION_PROTOCOL_DEFINITION('international standard',
'automotive_design',2009,#2657);
#2657=APPLICATION_CONTEXT(
'Core Data for Automotive Mechanical Design Process');
#2658=PRODUCT_CONTEXT('part definition',#2657,'mechanical');
#2659=PRODUCT('Lid','4sqaure og front plate',$,(#2658));
#2660=PRESENTATION_STYLE_ASSIGNMENT((#2663));
#2661=PRESENTATION_STYLE_ASSIGNMENT((#2664));
#2662=PRESENTATION_STYLE_ASSIGNMENT((#2665));
#2663=SURFACE_STYLE_USAGE(.BOTH.,#2666);
#2664=SURFACE_STYLE_USAGE(.BOTH.,#2667);
#2665=SURFACE_STYLE_USAGE(.BOTH.,#2668);
#2666=SURFACE_SIDE_STYLE('',(#2669));
#2667=SURFACE_SIDE_STYLE('',(#2670));
#2668=SURFACE_SIDE_STYLE('',(#2671));
#2669=SURFACE_STYLE_FILL_AREA(#2672);
#2670=SURFACE_STYLE_FILL_AREA(#2673);
#2671=SURFACE_STYLE_FILL_AREA(#2674);
#2672=FILL_AREA_STYLE('Steel - Satin',(#2675));
#2673=FILL_AREA_STYLE('ABS (White)',(#2676));
#2674=FILL_AREA_STYLE('ABS (White)',(#2677));
#2675=FILL_AREA_STYLE_COLOUR('Steel - Satin',#2678);
#2676=FILL_AREA_STYLE_COLOUR('ABS (White)',#2679);
#2677=FILL_AREA_STYLE_COLOUR('ABS (White)',#2680);
#2678=COLOUR_RGB('Steel - Satin',0.627450980392157,0.627450980392157,0.627450980392157);
#2679=COLOUR_RGB('ABS (White)',0.733333333333333,0.43921568627451,0.43921568627451);
#2680=COLOUR_RGB('ABS (White)',0.964705882352941,0.964705882352941,0.952941176470588);
ENDSEC;
END-ISO-10303-21;
